"","B cell_Jchain high","Erythroid cell_Hbb-bs high","Hepatocyte_Alb high","Hepatocyte_Fabp1 high","Kupffer cell","Erythroid cell_Hbb-bt high","Endothelial cell","Granulocyte","NK cell_Gzma high","Macrophage_Chil3 high","Dendritic cell","B cell_Fcmr high","T cell_Trbc2 high","Plasmacytoid dendritic cell_Siglech high","Hepatocyte_Spp1 high","Hepatocyte_Car3 high","Hepatic stellate cell"
"18x30",0,0,0.729722206735705,0,0.00751267972708582,0,0,0.0432685750483749,0,0,0,0,0,0,0.0195064131738348,0.16831309189799,0.0312322608193633
"18x32",0.0099802957736656,0,0.746918117328833,0,0.0448698994070374,0,0,0,0,0,0,0,0,0,0.0229761715282987,0.158150904569181,0.0157882829032292
"18x34",0.0022499772787953,0,0.755121124137264,0,0,0,0,0,0,0,0,0,0,0.0272797215115229,0,0.172075030092484,0.0429030023285868
"19x29",0,0,0.722097028099029,0.027673498727428,0.00285331892789853,0,0,0,0,0,0,0.0253678823748846,0,0.0127001211544566,0.0318227846079303,0.149056888886132,0.0281221861499412
"19x31",0,0,0.711030717884613,0,0,0,0,0,0,0.0259726213508217,0,0,0,0,0.0211989185944454,0.214895451819071,0.0265960210039366
"19x33",0.00557502275648963,0,0.776016510370751,0.00525481789892432,0,0,0,0,0.00778463024333209,0,0.00198825576255451,0,0,0,0.021433867338687,0.155400948840674,0.0264399033836089
"19x35",0,0,0.694845505402555,0.0074335455994806,0,0.00190398406676973,0.012366366817629,0.0185199968048358,0,0.00256732194784471,0,0,0,0,0.01561870784636,0.215002407625251,0.0313585714721278
"20x28",0,0,0.721357703857153,0,0,0.00140868521806638,0,0,0,0.00179009484227151,0,0,0,0,0.0695123908496748,0.189938260488315,0.0156249249014015
"20x30",0.0120301184363867,0,0.72378000994831,0,0.0103655131234888,0,0,0,0,0,0,0,0,0,0.0313505272281763,0.209764346514087,0.0116032647779096
"20x32",0.00129684677514025,0,0.743325789533692,0.0431457388036359,0,0,0,0,0,0,0.0138050422337329,0,0.00897729121255305,0,0.0167925204391571,0.156809484612384,0.015695087434173
"20x34",0,0,0.711477570163888,0,0,0,0.00608493687011217,0,0,0,0,0.0371967313897286,0,0,0.0255106161558551,0.200359537637248,0.0186231266236709
"20x36",0.00134185000972107,0,0.710781341524331,0.0408224432544475,0.00552211127506857,0.00823545108779711,0,0.0244899025835353,0,0,0.00294615830901872,0,0,0,0.0338629078302969,0.157894068340965,0.0139251822923552
"20x38",0,0,0.702323592257865,0.0249525870041641,0,0.0154561509158402,0,0,0,0,0,0,0,0,0.0352891054318801,0.201334701130617,0.0202694595085549
"21x29",0,0,0.79179122349209,0.0444797114613152,0,0,0,0.00117281609815328,0,0,0,0,0,0,0,0.12506312170224,0.0372142080125989
"21x31",0,0,0.755976871045201,0,0.0274650331435691,0,0,0,0.0059885278409554,0,0,0,0,0,0.0196772892322886,0.17405822922953,0.0166457493745588
"21x33",0.0108691635351701,0,0.743229713003856,0,0,0,0.00922522556766895,0.0131741278137102,0.00275223270444801,0,0,0,0.0150256245608568,0,0.0270203694235721,0.157610349248128,0.020689331035616
"21x35",0,0,0.742271607406264,0.0100065377896362,0.00164482290017336,0,0.00958036851329435,0,0,0,0,0.0076505688425206,0,0,0.00992560683892491,0.199562291840038,0.017644391114833
"21x37",0,0,0.729443515570968,0.051629010160469,0,0.00405370009218601,0.0196362040860089,0.0190179465316996,0,0,0,0,0,0,0.0295202360789621,0.11780447150588,0.028594805821557
"21x39",0,0,0.720751309121391,0,0,0,0,0,0,0,0,0,0,0,0,0.237194273645858,0.0414904282197118
"22x28",0,0,0.712713214016307,0,0,0,0,0,0,0.00205313309425624,0,0,0.0183442280118907,0,0.0595619220909207,0.196487728586914,0.00990405680150212
"22x30",0,0,0.723839780328968,0,0,0,0.0221435104057704,0,0,0,0,0,0,0,0.0319881096313157,0.201928554920507,0.0197949161153475
"22x32",0,0,0.731070835660728,0.0348560720444673,0.0170000867133505,0,0.0120636869814555,0,0,0,0.0380986902348211,0,0,0,0.0160801207487859,0.134270074732555,0.0163498057586369
"22x34",0,0,0.723501365461251,0.0297489128133904,0,0.0199776439693269,0,0,0,0,0,0,0,0,0.033571321241927,0.176821912139967,0.016120877741963
"22x36",0,0,0.734233515418023,0.00438868130058056,0,0.00252232650985084,0,0,0,0.016390418075803,0.00218809238081762,0,0.00645034304120412,0.0300478153514001,0.0359413532477349,0.16109771962665,0.00668381791870385
"22x38",0,0,0.68634750351874,0.0119912373238415,0.00540937164908033,0.0163055354230739,0,0,0,0,0,0,0.0187485468328003,0,0.0233185825530994,0.209303051663028,0.0281452184292935
"22x40",0.0119638339150946,0,0.656880535821708,0.0266538581326688,0.018307638288556,0,0,0,0.00567085523248905,0,0,0,0.0233647006534494,0,0.0236885445787828,0.204996749986928,0.028215162233192
"23x29",0,0,0.701149930185679,0.0168410615672348,0,0,0,0,0,0.0190124176606526,0,0,0,0,0.0343093583661738,0.196273183917947,0.031081463093191
"23x31",0,0,0.735644651708456,0.0228700220392528,0.010170966636407,0,0,0,0.0142684376664326,0,0,0,0.00109559601111449,0,0.0308074731365946,0.175015545992877,0.00917914847241556
"23x33",0.00177825786003235,0,0.744975921395354,0.0481126710660345,0.0344597134360771,0,0,0,0,0,0.00399496419854454,0,0,0,0.0259920753136839,0.114655659982216,0.0258180328637123
"23x35",0,0,0.726085490943569,0,0,0.0111308168499034,0,0,0,0,0,0,0,0,0.0799807021445011,0.163604359952802,0.0188985280802745
"23x37",0.0112094370196351,0,0.71260129568313,0.0330501851631956,0.00948228752109279,0,0,0,0.00340530964943035,0,0,0,0.040073827474591,0,0.0132809203767056,0.157119198928905,0.0195716501671753
"23x39",0,0,0.743124294076896,0.0228457131170711,0.030294438811766,0,0,0.00363489264187692,0,0,0,0,0,0,0.0103515026863734,0.153702366123652,0.035931780359076
"23x41",0,0,0.713849829950007,0,0.0212128664501751,0,0,0,0,0,0,0,0,0,0.0167946351316187,0.222206495497084,0.0253539240045818
"23x43",0,0,0.745183556335201,0.00263883925772681,0,0,0,0,0.00467988911907738,0.0156935486262494,0,0,0,0,0.0383278634044596,0.170597507864837,0.0225173779641848
"24x28",0.00321244619072851,0,0.757323090807877,0,0,0,0,0,0,0.00758293111153957,0,0,0,0,0.0321056953430571,0.182010533267454,0.0174772688738771
"24x30",0,0,0.719596245649739,0.00399685231645537,0,0,0,0,0,0,0,0,0,0,0.0443495732004131,0.215929652592576,0.0158401963894358
"24x32",0,0,0.722417584003842,0,0.0163764903148247,0,0,0,0,0,0,0.00345016121874734,0,0,0.0240355371989467,0.210516772479435,0.0228347113934441
"24x34",0,0,0.727714019934195,0,0.00897333395652146,0,0,0.0087716080088901,0,0,0,0,0,0,0.0331457989853165,0.209835459176829,0.0111422215853451
"24x36",0,0,0.751411931986141,0,0,0,0.00735306799924888,0,0,0,0.021850801187543,0,0,0,0.0466342865985464,0.158852576083255,0.0130968609322905
"24x38",0,0,0.733379365022711,0,0,0,0,0,0.0191740946552061,0,0.0150682795984932,0,0.0372986447509713,0,0.0385638918730465,0.146917571598804,0.00921340424082112
"24x40",0,0,0.76251936484428,0,0,0,0.00685103835350235,0,0.00204594134968283,0.00829175942520071,0,0,0.0146649021680349,0,0.0279779070737609,0.161035901629346,0.0161041811536237
"24x42",0.00384502071468932,0,0.711204670717702,0,0,0.00195538303434403,0,0,0.0117043707127028,0,0.00297206366487755,0,0.00489488690443443,0.0161712276333588,0.0294327759224767,0.211011863850268,0.00669071921513011
"24x44",0,0,0.691595109533455,0,0,0,0,0,0.00425294396353246,0.00230723725786657,0,0.010373179001268,0,0,0.00639484651946605,0.230865630512991,0.0538503154241386
"25x27",0,0,0.676571939441415,0,0,0,0.0161781402890856,0,0,0,0.0318343367531712,0,0,0.00600987825233767,0.0750424497320718,0.158003646083019,0.0361223167457919
"25x29",0,0,0.6700148334539,0,0.0381779487327372,0,0,0,0,0,0,0,0,0,0.0129836106686186,0.238041771075749,0.0403306916647514
"25x31",0,0,0.687265865654474,0,0,0,0,0,0,0.0109670489159514,0,0,0,0,0.023529265855492,0.252920852771805,0.0243768418768508
"25x33",0.00775641372553973,0,0.735430773225353,0.0134707808999403,0,0,0,0,0,0.00256207284079846,0,0,0,0,0.00453963137378391,0.200286716112072,0.0346750834797431
"25x35",0,0,0.777894580431403,0.0267235275230686,0,0.0256221257431707,0,0,0,0.0285923822764377,0,0,0,0,0.021742360546982,0.104070347338149,0.0141214369977683
"25x37",0,0,0.749470156609722,0,0,0,0,0,0,0,0,0.0197222385356262,0,0,0.0079201149191526,0.193719318163895,0.028666651321297
"25x39",0.00481418672260567,0,0.769592963225151,0.0165105908424489,0,0,0,0.0169625798708964,0,0,0,0,0,0,0.027623246929549,0.155652765554674,0.00849597947948175
"25x41",0.00224440407744649,0,0.778193081901747,0,0,0,0,0,0,0,0.0179261424246296,0,0,0,0.0427043883499037,0.141156009603641,0.017588576373058
"25x43",0,0,0.743793956345983,0.0125128387879881,0,0,0,0,0.00825563321854644,0,0,0,0.00339229408994764,0,0.0349286180824581,0.176778772863865,0.0199978063734606
"25x45",0,0,0.713958527746077,0,0,0,0,0.0108139744846522,0,0,0,0,0,0,0.0275491600050824,0.210620159566589,0.036605726568597
"26x26",0,0,0.653397573927601,0,0,0,0.00660944494344569,0,0,0,0.013542912395827,0,0,0,0.1070812386869,0.206098833930317,0.0130840740123394
"26x28",0,0,0.671092212447886,0.0242294803998789,0,0,0.0303091908096456,0,0,0.0057971771878584,0,0,0,0,0.029957055242089,0.207289237252268,0.0308500071221563
"26x30",0.00575699015883966,0,0.684429266331988,0,0,0.00499008838124657,0,0,0.0271320477780826,0,0,0,0,0,0.00772938533237053,0.250747512296208,0.0188066514153567
"26x32",0,0,0.664616366080395,0,0,0,0,0,0.00427892061129976,0.0113476080935239,0,0,0,0,0.0153136127035302,0.268775513789886,0.0352243628478666
"26x34",0.0053271926950536,0,0.759442158945046,0,0.0262725884235278,0,0.00276993177238283,0.00854337790239485,0,0,0,0,0.00238181080707531,0,0.0236011033286007,0.152689872628963,0.018763605029744
"26x36",0,0,0.755002944877752,0.00123516144709918,0,0,0,0,0.0120003494326134,0,0,0,0,0,0.0411819799577552,0.182529701292134,0.00776581105753332
"26x38",0.00940516019683671,0,0.773125072899245,0.00710933984748358,0.0242380316259478,0,0,0,0,0,0,0,0,0,0.0157945705706159,0.157560979260372,0.0124223975613701
"26x40",0,0,0.68632308608733,0,0,0,0,0,0.00350052246056973,0.00487925929437936,0,0,0,0,0.0039997499208821,0.272168015125558,0.0279081540269196
"26x42",0.00522613340024317,0,0.741891965573271,0.0192442832914841,0,0,0.0224410060583219,0,0,0.0296063764748618,0,0,0,0,0.035750927006416,0.135336406842782,0.0102888779905519
"26x44",0,0,0.685182887494918,0,0.00785665752501952,0,0,0,0.00976766585111806,0.0063084453845185,0,0,0,0.0108606897297078,0.0128315143389874,0.235838897892324,0.0311081579145973
"26x46",0,0,0.72469106008211,0.00361121355487115,0,0,0.00851053981912145,0,0.0193076882049771,0,0,0,0,0,0.0103156672453437,0.215830151320731,0.0172386771119323
"26x48",0.00934238635367625,0,0.705830851284305,0.0368710228756185,0,0,0.0239346239961689,0,0,0,0,0,0,0,0.0217763397476215,0.201944905859104,0
"27x25",0,0,0.707058616189813,0.0516193566521706,0,0.00161794577505239,0,0,0,0,0,0,0,0.0350731195389229,0.0164385584086131,0.175045930873411,0.0126633990949547
"27x27",0.00270698925643888,0,0.743375764859447,0.0309339378666363,0,0,0,0,0,0,0.0197503672521047,0.00533737606595749,0,0.0237676367940377,0.0138201768854655,0.143213478669149,0.0170000128914007
"27x29",0,0,0.729239205146405,0,0.0287370607189318,0.0064838218780685,0,0,0,0,0,0,0,0,0.0247103630835116,0.185884037269954,0.0246625511537226
"27x31",0,0,0.640763613926041,0,0,0.0211670760925272,0,0,0.00843744705039619,0,0,0,0.00493649897147979,0,0.0093148227815532,0.280424605178422,0.0344609259749399
"27x33",0.00341676039648005,0,0.719888597852002,0.0076480223553653,0,0,0.0300482062819969,0,0.00323421566906493,0,0,0,0.00336550155886568,0,0.00916919302597714,0.199805244541836,0.023044255374995
"27x35",0,0,0.74185422719256,0,0,0,0,0,0,0.00584566349281983,0.0124602921049031,0,0,0.0016251841004184,0.0239824424325169,0.193887633117207,0.0195236708581175
"27x37",0,0,0.738507822784123,0,0,0,0,0,0,0,0,0,0,0,0.0318115001351963,0.206396444295865,0.0227990680792835
"27x39",0.00227522346056484,0,0.705406125535183,0,0.00421167349161306,0,0,0,0,0,0,0,0.00442840324913922,0.0127402945163547,0.039077378150063,0.208703300103998,0.0227593476099222
"27x41",0,0,0.737966148397896,0.0145443796019471,0,0,0,0.0143004253717406,0.00404291557644794,0.00450456452012007,0,0,0.0107778836138223,0,0.03046258542069,0.153728442132154,0.0288264098928051
"27x43",0,0,0.731994988382774,0,0.00654882850928895,0,0,0,0,0.00415461997807825,0,0,0,0,0.0213942625955884,0.209047499710321,0.0267052657326811
"27x45",0.00223142428130913,0,0.68977221884905,0.00103359054264925,0,0,0,0,0,0,0,0,0,0.0204186574350771,0.0261023329989175,0.233857977027536,0.0262458581496108
"27x47",0,0,0.731185423837339,0,0,0,0,0,0,0.0135007298752895,0,0,0.00630525295052554,0,0.0183388217216335,0.203221164830943,0.0267555406684832
"27x49",0,0,0.707037549349317,0.0122407177703987,0.0140460359914143,0,0,0,0,0.0488404944520336,0,0,0,0,0.0425839665417756,0.144858932471848,0.0301581533059141
"28x24",0,0,0.714100163064076,0,0.00287130706383512,0,0,0,0,0.0225084303029256,0.0213954787337883,0,0.00104328073324447,0,0.018670044630826,0.20044303427596,0.0182705344041792
"28x26",0.0196383467130348,0,0.681676516677871,0,0,0,0,0,0.0205755185597497,0.00173215373601364,0,0,0,0,0.0475114178898361,0.19625629938381,0.0321193857475095
"28x28",0,0,0.722822852920742,0.0530759368318886,0,0,0,0.00401642779523007,0,0,0.0418945559778618,0,0,0,0.0318108155851961,0.140929130812635,0.00511332134520993
"28x30",0.00599345936950421,0,0.715807080841955,0.00246264555800205,0,0,0.0127619792802862,0,0,0,0,0,0,0.0153252949016086,0.0282820025186739,0.212038920682874,0.00645821333610795
"28x32",0.00527613868913905,0,0.622625624242755,0,0,0.0327569893026182,0.00539702359551369,0,0,0,0,0,0,0,0.0246996486765381,0.264265070020263,0.0444660504536666
"28x34",0,0,0.720233171831057,0.0272197225686618,0,0,0,0,0.0116654154910871,0,0,0,0,0,0.0168231165961525,0.210418049081689,0.0133809492685097
"28x36",0.00150978444732296,0,0.666571617329699,0,0,0,0,0,0.00517776119256071,0,0,0,0,0.0244713201799618,0.0228507822287259,0.250103062821908,0.0289334455631849
"28x38",0.00773573875854494,0,0.721890496184847,0.0154343658340778,0.00899963722858071,0,0,0,0.00356161809925213,0,0,0,0,0,0.00852194368514432,0.2052861095984,0.028262849246676
"28x40",0,0,0.720457982506678,0,0.00199142633727276,0,0.019976140824477,0,0.00884959742468856,0.0189357194255082,0,0,0,0,0.0117729097431012,0.19753185170951,0.0202666518894615
"28x42",0,0,0.755553675488198,0.0183184513292677,0,0,0.0120351869691464,0,0,0,0,0.0105537306566644,0,0.0123381099625778,0.0119005655285321,0.165011769869034,0.0134396734059602
"28x44",0,0,0.742431587063716,0.00354138814397762,0,0,0,0,0,0,0,0,0,0.020505405402907,0.0235273068106568,0.193584966327501,0.0161473362383767
"28x46",0.00956223257894929,0,0.767306415738353,0,0,0,0,0.0211700005328267,0.0152162932796197,0.00429648851563073,0,0,0,0,0.0218850450623006,0.136450707988225,0.0240130224969094
"28x48",0,0,0.708066510452167,0,0,0,0,0.0211579310744031,0.00773602601914882,0,0,0,0,0,0.0438811615603502,0.196633408076403,0.0220548030939378
"29x23",0,0,0.7455102238759,0.0837337117222648,0,0,0.0221662070034456,0,0,0.0160305388427256,0,0,0,0,0.0133080050200303,0.090421198649941,0.0284849326479141
"29x25",0,0,0.730403305909003,0.00642342926836032,0,0,0,0,0,0,0.023305005946646,0,0,0.0115662179752964,0.0223265358913083,0.18074324183935,0.0244739732933521
"29x27",0,0,0.79110740265615,0,0,0.00604059773934759,0,0,0,0.00960294983681523,0,0,0,0,0.0206677397776591,0.149763080980908,0.0222257564997836
"29x29",0,0,0.713758581069268,0,0.00337966928188426,0,0,0,0,0.0227896749490558,0.0120829506448696,0,0,0.00702602152777553,0.0513598222036061,0.170339389162171,0.0191144598351884
"29x31",0,0,0.626483430518891,0,0,0.0354714896801415,0,0.00163406038069807,0,0,0,0,0,0.00639563213679391,0.0285588754642717,0.260270932839115,0.0407876223370116
"29x33",0,0,0.740461395188544,0,0,0,0,0,0,0,0,0,0,0,0.0165690979777833,0.221838285299274,0.0202831844525992
"29x35",0.00313221351719066,0,0.727538405580175,0.0420548117323007,0.0120867048571142,0,0,0.0180930767383337,0,0,0,0,0,0,0.00898915460306171,0.158964325595766,0.0284433394492472
"29x37",0,0,0.786347992292475,0,0,0,0,0,0,0,0,0,0,0.0175927582960023,0.0317944515817809,0.147416747846115,0.0166945030650785
"29x39",0,0,0.754763726182426,0,0.0322832476870555,0,0.00769119719354294,0,0,0,0.00575928376668812,0,0,0,0.0268371283473171,0.160171115719577,0.0118452431819208
"29x41",0.0107400742718232,0,0.740648927546998,0.0191829598343626,0,0.0257821000584926,0,0,0,0,0.0198739010795781,0,0.0274671766081417,0,0.0202329050658918,0.119010717586165,0.0168775601893384
"29x43",0.0177404682561004,0,0.74821727755501,0.00815703635388264,0.0014206977604945,0,0,0,0,0.0261719347543763,0,0,0,0,0.0100387261715118,0.159539129155025,0.028266699854255
"29x45",0,0,0.73705606890359,0,0.0362883475261155,0,0,0,0,0,0,0,0,0.00863276715196486,0.0199615859863397,0.164775096702085,0.033192673852871
"29x47",0,0,0.746943617796323,0.00958579239774296,0,0,0,0,0,0,0,0,0,0.00223623111197436,0.0204852455736167,0.201354329167145,0.0186179455377694
"29x49",0,0,0.760305715568092,0,0.00764410649841576,0,0.0109379173703384,0.00378620993577154,0,0,0,0,0,0.0202553717592928,0.0150427997215901,0.15821515479698,0.023186964644965
"30x22",0,0,0.689074228934288,0,0,0,0,0.00713881177421471,0,0.00996574398554805,0,0,0.00573272084276873,0,0.0225906577294683,0.234591069473339,0.0301459517200963
"30x24",0,0,0.690983058681549,0,0,0,0,0,0,0,0,0,0,0,0.0247158091427384,0.244384224698927,0.0394346760082875
"30x26",0,0,0.751229825142624,0.059840559296354,0.0270095148491021,0.00407221987991415,0,0,0,0,0.00138652708117486,0,0.0191804602984289,0.0171055846168344,0.0159066345979734,0.100883143592412,0.00321558709058695
"30x28",0,0,0.756951522852246,0,0,0,0,0.00644577397393354,0,0,0.0087528037226866,0,0,0,0.0120218143292611,0.188311158037287,0.0272169264667516
"30x30",0,0.0551032197318463,0.627298863861952,0,0,0.00125342859000034,0,0,0,0,0.00739051027332045,0,0.0116430916887875,0,0.00999604047144272,0.233876443219189,0.0531232376409912
"30x32",0,0,0.698549811804038,0,0,0,0,0.0137836023581922,0,0,0,0,0,0,0.00885997674510578,0.250801866275128,0.0277314341846086
"30x34",0,0,0.756369557353578,0.0144280211431586,0.0238628090294474,0,0,0,0,0.00541279590689778,0,0,0,0,0,0.17754538170811,0.0218477629443407
"30x36",0,0,0.686116899648115,0,0,0,0,0,0,0,0,0,0.00536255434683824,0.0430946461486015,0.0234411382105793,0.223185510036889,0.0184436360023471
"30x38",0,0,0.800263697342613,0.0114970282445776,0.00517029484173767,0.00367716708209352,0,0,0,0.00285685620461008,0.00397540021627251,0,0,0,0.0352285999721114,0.134417432042,0.00271701771340709
"30x40",0.00519807895278458,0,0.727297795257096,0,0,0.0131901708530766,0,0,0,0.0010685967946145,0.0137517743872942,0,0,0,0.00797713870523158,0.210447099310652,0.020767914699317
"30x42",0,0,0.786974826671597,0,0.00204430089422441,0.0131505139667297,0,0,0,0,0,0.00909068713507952,0.0050360875665683,0,0.0358375091551523,0.138986699622838,0.00820495931119273
"30x44",0,0,0.753642083129482,0,0.0504127734449874,0,0,0,0,0.00381407366871329,0.010348194347882,0,0,0,0.0201483608714812,0.141311940880012,0.0198547463420142
"30x46",0,0,0.759565415432778,0,0,0,0.0066245084848837,0.0332145471494362,0,0,0,0,0,0.013796514990965,0.0108291764766663,0.162962581471029,0.0126558813557703
"30x48",0.0132399347882488,0,0.686196283879709,0.0352199919554317,0.00809674010200468,0,0.0364213352614828,0,0,0.00214668844688865,0,0,0.0188675344397605,0.0175566740803042,0.00952761184454746,0.156481677556413,0.0161066598649669
"30x50",0.0141784813176491,0,0.731481915051905,0.00250742688287206,0,0.00664205174032236,0.00593457118806832,0,0,0,0,0,0,0,0.0398627790200721,0.182726162396275,0.0164361664578003
"31x21",0.00229366913123596,0,0.723532518537771,0.0329586982741139,0,0,0.0259450359583381,0,0,0,0,0,0.0127997694052719,0,0.0594441230355639,0.119979918120087,0.0227863964220075
"31x23",0,0.0135229562425347,0.689300153894785,0.0236646895012901,0,0,0.00650356085552587,0,0,0,0,0,0,0,0.0275095075924274,0.206285633976072,0.0313867371190826
"31x25",0,0,0.705688864451278,0,0,0,0,0,0,0.0098502255808485,0.0245165080752731,0,0,0,0.0124787438617275,0.224960871796296,0.0215618683746888
"31x27",0.0205673063848527,0,0.698332490596351,0.0395994922179012,0,0,0.0317838700607437,0,0,0.00607171441135108,0,0,0,0.00570849554256793,0.00925019712758387,0.154054238810295,0.0344835444505994
"31x29",0.00181012584547004,0,0.595937414563225,0,0,0.00603171556476614,0.0363140674472273,0.0271299474168057,0,0,0.0092605737307984,0,0,0,0.0119999734997767,0.264482316612279,0.0462541846297391
"31x31",0.00465128853687325,0,0.666652979561301,0,0,0.0187212467219936,0.00817002092010114,0,0,0.00241305801841,0,0,0,0,0,0.26504484214802,0.0334432624925758
"31x33",0.00795040160560602,0,0.680768605081057,0,0.00397998862344278,0,0,0,0,0,0,0,0,0,0.0236593364875473,0.262358982473705,0.0201273851237589
"31x35",0.0151442335187033,0,0.678781484283557,0,0,0,0.0260901531305118,0,0,0.0050375543922071,0,0,0,0,0.0213352057791561,0.240959301507683,0.0122628114805889
"31x37",0,0,0.681056743950386,0.0207268840424984,0,0,0,0,0,0.0178732393204289,0,0.0378341875557518,0.00531833463311771,0,0.0150874106299302,0.209488312744316,0.0119091702448765
"31x39",0,0,0.724332908287899,0.0121594104383611,0,0,0,0,0,0,0,0,0,0,0.00595135993500823,0.225033936846089,0.0323812060786941
"31x41",0,0,0.738462625508596,0.0123597782564474,0,0.0138990690478848,0,0,0,0.00480020656449327,0,0,0,0,0.0194055828416566,0.197769262144083,0.012954347682544
"31x43",0,0,0.74710567876031,0.0125887269965413,0,0,0,0,0,0.0104991813313479,0,0.00549195946143698,0,0,0.0652152620313248,0.138262683227044,0.020469832983042
"31x45",0,0,0.71352372125971,0.0156464241382583,0,0,0,0,0,0,0,0,0,0.0171232448297169,0.0354657652428627,0.191613046951458,0.025452097387049
"31x47",0,0,0.706240636285872,0.00553181043757871,0,0,0,0,0,0.0118223758908965,0.00138587314217254,0,0,0,0.0527422078830623,0.204764708048037,0.0170226313946856
"31x49",0,0,0.702180457075849,0,0.0110116116254711,0.00275257868398607,0.0157909500142346,0,0.0109647290873912,0,0,0,0.00888659343927291,0,0.0147530874394434,0.206120004037907,0.026989064196848
"31x51",0.00259664631293099,0,0.683175984648474,0.00431507620838555,0.00342170941195951,0,0.0248239647511699,0,0,0.0291273355794828,0,0,0,0,0.0123481610294515,0.218329792940214,0.021320811024995
"32x22",0.0110109476142765,0,0.743650606282385,0.0328401181208453,0.0128885110887944,0,0.016010398430774,0,0.00495880392967414,0,0,0,0,0,0.0171068510040353,0.143316730736236,0.0179470330352133
"32x24",0,0,0.687547359849327,0.0279454066133545,0,0,0,0,0.00369364070516483,0,0,0,0,0,0.00407056615427732,0.249680180627239,0.0268006585557566
"32x26",0,0,0.7299956549542,0,0,0,0,0,0,0.0213531313481135,0,0,0,0,0.00736842580864727,0.213026406916332,0.0277348774588803
"32x28",0,0,0.608311438135495,0,0,0.0288387792765554,0,0,0.0289837362115156,0,0.0140202749180544,0,0,0,0.00163975829165867,0.250515717654039,0.0673288568679452
"32x30",0.00586018410592197,0,0.714248911881738,0,0,0,0,0,0,0.00461511551920273,0,0,0,0,0.0146929368790608,0.232109295098137,0.0280698418160959
"32x32",0,0,0.71009941528067,0,0,0,0,0,0,0.0107342478360626,0.0117162738765588,0,0,0,0.0248746663011487,0.221364064988024,0.0208124318076533
"32x34",0,0,0.726562278873382,0,0,0,0,0,0,0.00124722737017558,0.0160535660411199,0,0,0,0,0.199079795468097,0.0565746389724284
"32x36",0,0,0.757003099642237,0.0236135612509025,0,0,0,0.00471792578170922,0,0,0.00237469935459507,0,0.0218070401509354,0.0146764718973547,0.00483039216596136,0.146642997378987,0.0241428073155245
"32x38",0,0,0.710114310841695,0.00511737795828876,0,0,0,0,0.0154482070898789,0,0.00861913164728358,0,0,0,0.00733998724348316,0.211084916737418,0.0420177603942437
"32x40",0,0,0.720044726060945,0.00421828280075505,0.00407756121231609,0.00557422396939197,0,0,0.0182770394880969,0,0,0,0,0,0.00232497114481834,0.212614924121342,0.0324301320192298
"32x42",0.00468920038627971,0,0.719340953724078,0,0,0.0287364129862305,0,0.00879306890893247,0,0,0,0,0,0,0.0442333998410738,0.1691017175138,0.023125030530828
"32x44",0.0114335169931162,0,0.728733333590494,0,0.0484719018937101,0,0,0,0,0,0,0,0,0,0.0247387384713711,0.165959780251019,0.020406242739784
"32x46",0,0,0.769804265731782,0,0.0171488149851374,0,0,0,0.00237248779143939,0,0,0,0,0,0.0134735694440655,0.175280516212042,0.0207678830526056
"32x48",0,0,0.728240883318842,0,0,0,0,0,0.00409387187052759,0.00485238696189084,0,0,0,0.0219506735455549,0.0225685979509915,0.198894687216091,0.0182512005429871
"32x50",0.00321192393041681,0,0.665517205323926,0.0293941150775814,0,0,0,0,0,0,0,0,0.0298178705720911,0,0.0284792157956858,0.22014325024582,0.0232060150298667
"32x52",0.00239740596774365,0,0.73783288988123,0,0,0,0,0,0,0,0,0.0336069755911894,0,0,0.0196165637637239,0.201513020237846,0.00477075654561223
"33x21",0,0,0.593130143598557,0,0,0,0,0.0202960147689587,0,0,0.0294319318575647,0,0,0,0.0950629242924434,0.193347385222592,0.0683372207427676
"33x23",0,0,0.738360954654534,0.0157916222618814,0,0.0236617992073359,0,0,0,0.0182611392965063,0,0,0,0,0.0349681017994221,0.146170493536644,0.0226232666528467
"33x25",0.00189778543816389,0,0.740074137111386,0,0,0,0,0,0.0128825764614901,0.0260392089364552,0,0,0,0,0.0130951624562495,0.179219301513666,0.0264470535670753
"33x27",0,0,0.715117099988808,0,0,0,0,0,0.0112506841329171,0,0,0,0,0,0.0160659119915119,0.23620539881454,0.0210078627320558
"33x29",0,0,0.687565434880851,0.0204513868609154,0,0,0,0,0,0,0.0350982453730951,0,0,0,0.0345564287572875,0.208581495396467,0.0133815629168584
"33x31",0.0090475894443981,0,0.719173294487805,0,0,0,0,0,0,0,0.0382026400211571,0,0,0,0.0425680840512145,0.160819491086959,0.0297854200349508
"33x33",0.00365094260824739,0,0.748094388363813,0,0,0,0,0,0,0,0,0,0.0215194185799923,0,0.0319796928685775,0.181173202534853,0.0131316688204769
"33x35",0,0,0.72417050612301,0,0.0107076365484785,0,0,0,0,0,0.0134929481838352,0.0128982841206628,0,0,0.0269379180206712,0.18365508569938,0.0278045199491253
"33x37",0.00476142986519158,0,0.742395978490862,0.0118700482641151,0.0153436431810138,0,0,0,0.00181044730473416,0,0,0,0,0,0.0171758142713944,0.182753677399086,0.0235814209232688
"33x39",0.00228877732570946,0,0.711861925047421,0,0,0.0483107575899435,0,0,0,0,0,0,0,0,0.0138021388646933,0.198935825729947,0.0243919234615438
"33x41",0.0132590357119367,0,0.763262433473662,0.00152238971308123,0,0,0,0,0,0,0,0,0.0201141826156513,0,0.0297001142634115,0.156203718742292,0.0155091935681125
"33x43",0,0,0.760122868974833,0.0221544938158364,0.0266748657971285,0,0,0.0127939053749479,0,0.00863251206615785,0,0,0,0,0.031357840237357,0.121227152795367,0.0168259091460005
"33x45",0,0,0.674020167399278,0.0234773693306805,0,0,0.00414069139110287,0,0.00347554219630598,0.0109694871760017,0.0457952323911703,0.00556506282785576,0,0,0.00772211254479118,0.206085858980277,0.0185892497896626
"33x47",0,0,0.735297140736288,0,0,0,0,0,0,0,0,0,0,0,0.0233045473250684,0.230048832815168,0.0108927069862665
"33x49",0,0,0.753694568727075,0.00805201691208165,0,0,0,0,0.01400116427529,0.00862055839288696,0.00184257917344378,0,0,0,0.0309660116016848,0.173756501917181,0.00828430862031194
"33x51",0,0,0.711626824912704,0.0140369594775363,0,0,0,0,0,0,0.0105230036158277,0.00931949253312743,0.0266050609231266,0,0.0104014277165602,0.189378340911299,0.0272717314027111
"33x53",0.00787468357443896,0,0.664795848610389,0,0,0,0.0110285674911601,0,0.0039345969371331,0.00502410233922535,0,0,0.00296831871512256,0,0.0276836322643138,0.248193697322042,0.0281841857470754
"34x20",0,0,0.600903306458686,0.00610792015648986,0,0,0,0,0.0202363491149175,0,0,0,0,0,0.0319858986956267,0.302623894843227,0.0378494621589326
"34x22",0,0,0.742703830554133,0.0482019555954784,0,0,0,0,0,0.0125527538572877,0,0,0,0,0.0260517232099837,0.155240042118536,0.0142615448068058
"34x24",0,0,0.712036085510997,0,0,0,0.0026900831586,0,0,0.00505657204375778,0,0,0.00999364644453942,0,0.00457062691473552,0.238705694550029,0.0262422857809994
"34x26",0,0,0.713585350585651,0,0,0,0,0,0,0,0,0.00582976413239953,0.0105647211141279,0,0.0385627305534532,0.200159590901907,0.0308681517351023
"34x28",0,0,0.741737314472128,0,0,0,0,0,0,0,0,0,0,0,0.029577798200804,0.206904055531141,0.0208269677140435
"34x30",0.00718304573046916,0,0.721874666837171,0.00564461841954606,0.00735565815111304,0,0,0,0,0,0.00395017293201569,0,0,0,0.0183471431286582,0.209780659564012,0.0253998890998903
"34x32",0.0205518333193523,0,0.722108999746246,0,0,0,0,0,0,0,0.00364992589567845,0,0,0,0.0408028556110339,0.189574716029013,0.0220724324686719
"34x34",0,0,0.700007453915556,0,0,0.00614398447184051,0.0160365214830823,0,0,0,0.0366022915093481,0,0,0,0.0468051212615597,0.152770365726516,0.0409361120746028
"34x36",0,0,0.780569876854628,0.00775741771771729,0.0478126205394708,0,0,0,0,0,0,0,0,0,0.0145689610525721,0.133821366430471,0.0152051059206607
"34x38",0,0,0.701820478625269,0.00609059644432149,0,0,0,0,0,0.00339462534875871,0,0,0,0,0.0148671855681401,0.261523251069745,0.011537456245321
"34x40",0.0204525524393004,0,0.744914044407043,0,0,0,0,0,0.0099847729570619,0,0,0,0,0,0.0352392896801812,0.16545885668239,0.0234951354066931
"34x42",0,0,0.731308046029965,0,0,0.00621551922402104,0.0172670032507541,0,0,0,0,0,0.0180751774134689,0,0.024957203857155,0.186955195800189,0.0149576748030238
"34x44",0.00801187063451024,0,0.74387169121674,0,0.0030254314840859,0,0.00633576247823918,0,0,0,0,0,0,0,0.00122299948244611,0.20771164800797,0.0294625010728651
"34x46",0,0,0.709731273180257,0,0,0,0,0.0230006035384328,0,0.00230835145168459,0,0,0,0,0.0448554647264121,0.186839834513165,0.0326482256025545
"34x48",0.00934266602569251,0,0.731586825765724,0.0212236387493851,0.00206398574625074,0,0,0,0,0,0.00626956242546476,0,0.00623514463201661,0,0.0323355781496809,0.175871666697853,0.0150052329610954
"34x50",0.00608871213036856,0,0.740863273699848,0,0.020216521871886,0.00587837334691639,0,0,0,0,0,0,0,0,0.0238133226460079,0.185520629806286,0.0172143052814458
"34x52",0,0,0.741072722809133,0.0777531431577575,0.0264826143266717,0,0,0,0.0206443043568396,0,0,0,0,0,0.00994589572392354,0.087742468801181,0.036018483533383
"35x19",0,0,0.707542487696182,0.0504759201783239,0,0,0,0,0,0,0,0,0,0,0.0455850120509425,0.161987539253257,0.0340930071018573
"35x21",0.00196342998097277,0,0.669546454195109,0.0359285859625003,0.00239590986040738,0,0,0.012503095901404,0,0,0,0,0,0,0.01541316523635,0.236364155886476,0.0257785324904682
"35x23",0,0,0.722713315339057,0.0384469443801531,0,0,0,0,0,0,0,0,0,0,0.00887569397568084,0.207982946845793,0.0215705260125829
"35x25",0,0,0.648254665443944,0,0,0.0136825269972003,0.0232812062367085,0,0.0125448982457397,0.0151265880442127,0,0,0,0,0.00376820450405275,0.222798246699516,0.0600888742385184
"35x27",0.0151466921082783,0,0.750956888694387,0,0.0163842311817833,0,0,0,0.00416658920971885,0,0.0133131251699009,0,0,0,0.00579702974386978,0.170357605654959,0.0235253554971669
"35x29",0,0,0.770063716381556,0.0179274863647987,0,0,0,0,0,0.00504292993385492,0,0,0,0,0.0146634104874443,0.167467241287064,0.0244435429702763
"35x31",0.00376680522727444,0,0.708851822113187,0,0,0,0,0,0,0,0,0,0,0,0.0207123813080009,0.243959096932659,0.022406557727773
"35x33",0,0,0.75093307691912,0.0312106872622465,0,0,0,0,0.0104048995039032,0,0,0,0,0,0.00702095884241829,0.166653491077369,0.0330043712840442
"35x35",0,0,0.710531848240596,0,0.0194044957716187,0,0.0137716560091342,0.0147753343340553,0,0,0,0,0,0,0.0225533381126792,0.198788236507134,0.019464253557925
"35x37",0,0,0.729626941640589,0,0,0,0,0,0,0.00753117189504931,0.0248270412856031,0,0,0,0.0231910874294765,0.194055873665225,0.0203458148257442
"35x39",0.00990331124550354,0,0.70160639934532,0,0,0,0,0,0.0154805380366621,0.00799317782102285,0,0,0,0,0.0206097834539158,0.224174371068218,0.0198396625770536
"35x41",0.011371976799316,0,0.749343674991256,0.027981603816168,0.0104211822005385,0,0,0,0,0,0.00330740048949415,0,0,0,0.0187471241091813,0.150845245053046,0.0277674150645307
"35x43",0,0,0.740169450294447,0,0.0119129400209794,0,0,0,0,0,0,0,0.0348664832094815,0,0.018575889727174,0.171187482573107,0.0229965309998526
"35x45",0,0,0.742552383829741,0.00904618125170316,0,0,0,0,0,0.023596181856329,0,0,0,0,0.00574195415520059,0.198444439926047,0.0198570314837691
"35x47",0,0,0.700712909504777,0.012268657693897,0,0,0.00339615682540322,0,0,0.0294770603090226,0,0,0,0,0.0593438456881578,0.172291822148585,0.0221559519409593
"35x49",0.0168135505623142,0,0.75919015618723,0.0273359273211547,0,0,0,0,0,0,0.0217187856976046,0,0,0,0.0131552683248507,0.152529797323059,0.00909041564900542
"35x51",0,0,0.725825562486299,0,0,0,0.00328619857882647,0.0131399282989316,0,0,0,0,0,0,0.0654824254189064,0.170890971077121,0.0209804387922229
"35x53",0.0153273953191978,0,0.711473906427836,0.00187827186451245,0,0,0.0262836075348948,0,0,0,0,0,0,0,0.0638423784282699,0.165658268834578,0.0150070765749851
"36x20",0,0,0.626571479415718,0.0224465409042895,0,0,0,0,0,0,0,0,0,0,0.0441194815068853,0.281797378072983,0.0245181163683196
"36x22",0.00385564917495978,0,0.745121356397244,0.0337187250336302,0.00795460702401684,0.00148305454653898,0.0207372164288745,0,0,0,0.00382619980654544,0,0,0,0.0335697801796506,0.137579348206331,0.0112273552329408
"36x24",0.00444915422809236,0,0.551366281777771,0,0,0.0596470661727677,0,0,0,0,0,0,0,0,0.064929827992731,0.241978580842297,0.0771338844209913
"36x26",0,0.0248140941086209,0.745693141030013,0,0.00850584473498645,0.00429171778458863,0,0,0,0,0,0,0,0,0.0380683006060747,0.170160612054706,0.00803017678978615
"36x28",0,0,0.787679536593601,0.0334711139785895,0.00107212167987178,0,0,0,0,0,0,0,0,0,0,0.160864755778745,0.0166136579615744
"36x30",0.0114971393291971,0,0.686137972614192,0,0.00591608657714983,0,0,0,0.00109585066346149,0,0.00402036264897995,0,0,0,0.01172948264562,0.249001860956367,0.0303833906952299
"36x32",0,0,0.714378976293447,0,0,0,0,0,0.00558071180161103,0,0.0227065021306668,0,0,0,0.0155937781613289,0.21774959235452,0.0228109147554871
"36x34",0,0,0.699809268751624,0,0.00225434431062883,0,0.00973908123578875,0,0,0,0.0191484444802597,0,0,0,0.0319401076006113,0.218948745231785,0.0171959896209687
"36x36",0,0,0.69735746035171,0,0.0173070134283325,0,0,0,0,0,0,0,0,0,0.0348018583936827,0.232725457102907,0.01672626652529
"36x38",0,0,0.742444707250999,0.0332010239695919,0,0,0,0,0,0,0,0,0,0.00598659268864853,0.0254081136866322,0.172174248416677,0.020407569641304
"36x40",0,0,0.751528166763145,0,0.0190029110319626,0.0041179913451861,0,0,0.00268045292748771,0,0,0,0,0.00820689679599799,0.0218347109048466,0.18038710837392,0.0119223352775242
"36x42",0,0,0.692708496777751,0,0,0,0,0.00169532059397953,0.00578637056632731,0.00207971702788262,0,0,0,0,0.0158246853382753,0.257388598841611,0.0242407995906587
"36x44",0,0,0.741565938803221,0.0266029328972144,0,0,0,0,0,0,0.0342404977795079,0,0,0,0.0288438498798336,0.159550306543953,0.00810121570910679
"36x46",0,0,0.710379555670735,0,0,0,0,0,0.00671563270029663,0,0,0,0,0,0.02042792454581,0.23956939243108,0.0226858184666111
"36x48",0.00788019361955151,0,0.70691756507083,0,0,0.0316304384923286,0,0,0.00189984030613786,0,0,0,0,0,0.0181441810455837,0.215920173167216,0.0172027638130074
"36x50",0,0,0.721169649067664,0.0237219974343141,0,0,0.00161046695898653,0,0,0.00233924793042044,0,0,0,0,0.033763390873116,0.188160357904077,0.028497140403673
"36x52",0,0,0.783368217020165,0.0383662179076003,0.00868996152027161,0,0.00343757790685222,0,0,0,0,0,0,0.00759255907287226,0.0208509312551592,0.101896813292967,0.0349712102317041
"37x19",0.0146768062379084,0,0.655233824496833,0.114240944535764,0,0,0.0161443458473471,0.0404564186578548,0,0,0,0,0,0.015766936587299,0.0730323119207663,0.0300047425758449,0.0401552861216371
"37x21",0,0,0.535118814896448,0,0,0.0114270404267491,0,0,0,0.052032026698613,0,0,0,0.0167095933250271,0.0289900625719048,0.299364756955562,0.0559000287664003
"37x23",0.00706710680628342,0,0.606125303369111,0,0,0.0175523720901221,0,0,0,0.0199066209182749,0.0071526376761643,0,0,0,0.023890672649702,0.292822646802534,0.0250481817313551
"37x25",0.00488961547821502,0.0280316513811881,0.672281181762466,0.0504705072726847,0.0060316466462643,0,0.0138547861442368,0,0.00164874291190263,0,0,0,0,0.0228524003732157,0.0144719396919398,0.158087217003667,0.0270749069991195
"37x27",0.00138030184847636,0.0337765806074363,0.763163517235056,0.0326568752096619,0,0.00718107702353162,0,0,0,0.00221379413385155,0,0,0,0,0.0223202611298864,0.128496151654743,0.00853570942386327
"37x29",0,0,0.724367377878725,0.0242738607638535,0,0.0142490936736971,0,0,0,0,0,0,0,0,0.0157318570163041,0.199918782082456,0.0210870136275452
"37x31",0,0,0.715390966491377,0.00709282177549875,0,0,0.00991825932028204,0,0.0115921718444851,0.0112312050736876,0,0,0,0,0.0120385302446564,0.209966420068761,0.0218874536474228
"37x33",0.00240427575564303,0,0.712078845917042,0.0283517722774321,0,0,0,0,0,0.00109073593262363,0.00321459754064029,0,0,0,0.0130551165959768,0.22121961588212,0.0181468337388824
"37x35",0.00551372164636426,0,0.780817153988997,0.0438050373785251,0,0,0,0,0,0,0,0,0,0,0.0250060726724733,0.132380821997887,0.012343223157524
"37x37",0.0143575404196094,0,0.737387007202709,0.036605287562915,0.00137951396107544,0,0,0,0.027462329812326,0,0,0,0,0,0.0138931018620444,0.139205057929454,0.0294659810600762
"37x39",0,0,0.748188833783454,0,0,0,0,0,0,0,0,0,0,0.010381692354822,0.0215724855796003,0.201236219920034,0.0181564584050976
"37x41",0,0,0.696242132918419,0.0313899021474122,0,0.00135732899001809,0,0,0,0,0,0,0,0.0315978292464787,0.0112666427239578,0.203200616346554,0.0242340273837563
"37x43",0.00412695642187632,0,0.763407304854578,0.00610647463470402,0.00748098982609116,0.0117613173429357,0,0,0,0,0,0,0,0,0.0118072693935815,0.175520129954396,0.0194783740457506
"37x45",0.0106523960540659,0,0.759716950423597,0,0,0,0,0,0,0.0106591701028284,0,0,0,0,0.0209067906306668,0.177707618784831,0.0200715806449762
"37x47",0,0,0.69065828688008,0.0196642934827608,0,0.00973931973716756,0,0,0,0.00193649486960929,0,0,0,0.0128118150561834,0.0195209035200319,0.233939830677369,0.0114322808472054
"37x49",0.00176417331016547,0,0.683975644559777,0.003488271760769,0,0,0,0.0253328099357889,0,0,0,0,0,0,0.0166417727658404,0.230188028964524,0.0375626375024758
"37x51",0,0,0.702627117765537,0.0481795941130261,0,0,0.0113873600776107,0,0.0011916739272253,0,0,0,0,0,0.00104323905704211,0.212562984000601,0.0227563195557453
"38x20",0,0,0.634420392430453,0,0,0,0,0,0,0,0,0,0,0,0.00591715453712292,0.3025435299964,0.0557507986387963
"38x22",0.00575991733010768,0,0.63983128259923,0.0120728458959165,0,0,0,0,0,0,0,0,0,0,0.028948060827085,0.275262749805514,0.0377538122915938
"38x24",0,0,0.70207174168385,0,0,0,0,0,0,0.00382829956406091,0,0,0,0,0.0180017963191626,0.256673270898908,0.0189950638988136
"38x26",0,0,0.778909016574561,0,0,0.00531715017365568,0,0,0,0.026802492650344,0,0,0,0,0.045240768487585,0.133597904089341,0.00886407198916775
"38x28",0,0,0.686979662959144,0,0,0,0,0,0,0.00754409506251258,0.00559582869154652,0,0,0,0.0102688941982153,0.262672058601051,0.0265338563560369
"38x30",0,0,0.704873534261663,0,0,0,0,0,0.00957815496611086,0.00290358645611572,0,0,0,0,0.0213812742929598,0.232039492928929,0.0287803010339977
"38x32",0,0,0.702438226357503,0.0203446925169796,0,0,0,0,0,0,0.0453621433420378,0,0,0,0.0142595101257629,0.204347609564692,0.0128824548203669
"38x34",0,0,0.739510271232829,0.0117671519179383,0,0.0032778979512009,0.0131910388660152,0,0,0,0,0,0,0,0.047159353648296,0.157884324491036,0.0269702113535244
"38x36",0,0,0.720441597289028,0,0,0,0.00894831220865368,0,0,0,0.00160801376734298,0,0,0,0.0480624529360419,0.202212304477228,0.0181321374871116
"38x38",0,0,0.747897746800616,0.0303472193637447,0,0,0,0,0,0,0,0.011808482242137,0,0,0.0275539868213672,0.17051709126837,0.0116921018712819
"38x40",0,0,0.733087650036325,0,0,0,0,0,0,0,0,0,0,0,0.0334507500810275,0.209141651969514,0.0238533028773647
"38x42",0,0,0.709325582569338,0,0,0,0,0,0.0119674660998933,0.0114178653041744,0,0,0,0,0.0173303902439206,0.232370059060509,0.017312222962543
"38x44",0.00542087739885474,0,0.719290672609805,0,0,0,0,0,0,0,0.0387535619652432,0,0,0,0.0372886119183274,0.14792892599763,0.0508457084150971
"38x46",0,0,0.700541433812394,0,0,0,0,0,0.0069308752877335,0,0,0.0168894781202577,0,0,0.0193872778430559,0.221792632019335,0.0341891796649403
"38x48",0,0,0.715066558529506,0.0369353977585769,0,0,0,0,0,0,0,0,0,0.00701510224592517,0.0502108910619705,0.175046344979232,0.0154627028832216
"38x50",0,0,0.602493819328258,0.00588129395422734,0,0,0.0165986646328524,0,0.0117271065001504,0.0259294247347297,0,0,0,0,0.0425270403748086,0.275547756652253,0.0189938052999145
"39x21",0,0,0.559137640480679,0.00743557963914318,0,0,0,0,0,0,0.0437986523215846,0,0,0,0.03129483590768,0.308591928052967,0.0493575280405554
"39x23",0,0,0.642413424693464,0,0,0,0.00477129148291543,0,0,0.00205694422778439,0,0,0.00516671044089721,0,0.0143065987908201,0.268584369125313,0.0623277139970912
"39x25",0,0,0.748193227353689,0.00919374235978977,0,0.0132238875134471,0,0,0,0,0.00486857602682398,0,0,0,0.061943220646902,0.15810805798452,0.00407047006625657
"39x27",0,0,0.820497380091978,0.0211618768035745,0,0,0,0,0,0,0,0,0,0,0,0.127280837632333,0.0305711283967612
"39x29",0,0,0.688650731317517,0.00551890056523852,0,0.0154404386011678,0,0.00896958346998046,0.00147652752634167,0.013000736432211,0,0,0,0,0.00520128430487566,0.232314307156458,0.0290467010446992
"39x31",0,0,0.628385077753512,0,0,0,0.0212537978744748,0.00333206653658327,0,0,0,0.00647528888906207,0,0,0.0113816342610226,0.29315653673087,0.0356359800929599
"39x33",0,0,0.730229847549254,0,0,0,0,0,0,0.00131556294785522,0.00346635430266606,0,0,0,0.0201153769875342,0.22258430424335,0.0218994112116087
"39x35",0.00666043103740718,0,0.73244274694048,0.0321783820339453,0,0,0.0129779659360522,0,0,0,0,0.0125926719081081,0,0,0.027954127975963,0.152480597343412,0.0220842209850394
"39x37",0,0,0.768096096138065,0,0,0,0.0107244242095507,0,0,0.00571982504754874,0,0,0,0,0.0357101319561376,0.169391887247249,0.0100407393995386
"39x39",0.00195750922000695,0,0.785413128196641,0,0,0,0,0.00565892120365002,0,0,0,0,0,0,0.0269268533663045,0.167056144658118,0.0125676141364442
"39x41",0.0163368207553076,0,0.74323951021723,0,0,0,0,0,0,0,0,0,0,0,0.0158427436065802,0.206470752000836,0.0176796510730402
"39x43",0,0,0.744881564174623,0,0,0,0,0,0,0.00552412395899779,0,0,0.0132883171791428,0,0.025845328739613,0.195683610288907,0.0144957566160242
"39x45",0.0145869560126048,0,0.731866491998947,0.0213770254135548,0.00833338016526945,0,0,0,0,0,0,0,0,0,0.010598745147972,0.191529819066508,0.0206694387397775
"39x47",0,0,0.702438817586047,0,0,0,0.0152218629197711,0.00375532409544579,0.00419795920249142,0.00537084861569621,0,0.00506511447273712,0,0.0329436775257889,0.0301756481587361,0.187096196635036,0.0136929187286605
"39x49",0.0126889596575924,0,0.701325593439306,0.0398188956960601,0.0156012254451821,0,0,0,0,0,0.0166184257238987,0,0,0,0.0350596960354278,0.169038899700661,0.00954683369093247
"40x18",0,0,0.62326546885249,0.0287113531549581,0,0.010295057429914,0,0,0.00792464711788641,0,0.024011818244887,0,0,0,0.04175102328598,0.204681281289974,0.0591135142103204
"40x20",0.014322111543479,0,0.586490182137899,0,0,0,0,0,0,0,0.0709230603699471,0.00295243910922608,0,0,0.0319291625899782,0.202796493147954,0.0901740345397482
"40x22",0,0,0.517366250833094,0.0140888856676435,0,0.00649829342868912,0,0.0425276268458943,0,0,0,0,0,0,0.0246618461184271,0.319288361676186,0.0753046549556645
"40x24",0,0,0.742366300616768,0.0224762166952011,0,0,0,0.00465786964688074,0,0,0.0104718029534632,0,0,0,0.0281961150047638,0.170724977554412,0.0208675509646027
"40x26",0,0,0.716363775465687,0.0329870497279601,0,0.0030522738969966,0.00943555939250686,0,0,0,0,0,0.00498792759177751,0,0.0302623486990268,0.187131244693038,0.0154689059547132
"40x28",0,0,0.733972297019752,0.00366029653833431,0,0,0,0,0,0.00121167438974888,0,0,0,0,0.0343918364090418,0.205767143962161,0.0206684961469451
"40x30",0,0,0.71589919188213,0.00111025506707724,0.00189071394478436,0,0,0,0.0131683700172885,0.00567266858197905,0,0,0,0,0.0273861708909709,0.214592286668124,0.0199713076686578
"40x32",0,0,0.710528481735222,0.00915210650459338,0,0.00832987474225794,0,0,0,0,0,0,0,0,0.0197218527333204,0.228374831323559,0.0235211131805204
"40x34",0,0,0.680108691299056,0,0.0160830948874589,0,0,0.00481836927937417,0,0,0,0,0,0,0.0124339692708092,0.252032449622381,0.0339578627185231
"40x36",0,0,0.744251038912604,0.0108719776003684,0.0185198045636765,0,0,0,0,0,0,0,0,0,0.033034620135408,0.176883656863311,0.0163296632367185
"40x38",0.0109085388119249,0,0.717091151106151,0.0172926001088228,0.00193764296553081,0.00159018676286013,0,0,0,0.00158400370453417,0,0,0.00889295757715589,0.0176854146168343,0.0310370014609169,0.178288012889649,0.0135464865117422
"40x40",0,0,0.659082813762438,0,0,0,0,0,0.00380629081752184,0,0,0,0,0.0141232459713074,0.0211713266236938,0.26669967442967,0.0346602275031544
"40x42",0,0,0.740077005894911,0,0.0631146231593462,0,0,0,0,0,0,0,0,0,0.0298723452147295,0.151622533395908,0.0148515308005603
"40x44",0,0,0.693206318356434,0,0,0,0,0,0,0,0,0,0,0,0.00654038170122382,0.259681007510349,0.0398614615696023
"40x46",0,0,0.738750516604606,0.0137371990595795,0,0.00387215567310874,0,0.00150176238284734,0,0.00280425659201976,0,0,0,0,0.0285690129225207,0.178442765822416,0.031510080367971
"40x48",0.0122277790296095,0,0.673394855845841,0.016139825304184,0,0.00562593469045608,0,0,0,0,0,0,0,0,0.0439060693790505,0.226982586746275,0.0213884049494386
"41x17",0.0120832130001738,0,0.72508278146138,0.0177857367574242,0,0,0,0,0,0,0,0,0,0.0535895808460771,0.0216604770136754,0.13997660464641,0.0295359235572291
"41x19",0,0,0.589724703410475,0,0.0207416138218356,0,0.0598226106858539,0,0,0,0.00791702207728023,0,0,0,0.0178839053496311,0.219627587803214,0.0838567594642331
"41x21",0,0,0.437097460862282,0,0.0387086204256178,0.0197435189414339,0,0,0,0,0.172245349414714,0,0,0,0.0323171390903472,0.219808649433593,0.0797471366597845
"41x23",0,0,0.631355126178025,0.0247112855281661,0,0.0133564399236321,0.0118886377131018,0,0,0,0,0,0,0.0332164323458008,0.00357218770096374,0.252211059590447,0.0293994911015496
"41x25",0,0,0.673634603264876,0.0324797694702852,0.0183288427648673,0,0,0,0,0.00969832902916754,0,0.010884267649498,0,0,0.00197959730448359,0.225067292873508,0.0276247554941494
"41x27",0,0,0.704262590205726,0,0,0.0180851323722215,0,0,0.00302449717907878,0,0,0,0,0,0.0195609492627785,0.240737247397999,0.0136340442123157
"41x29",0.015256032512268,0,0.700671172662467,0.0206265590217465,0,0,0,0.026597766051202,0,0,0,0,0,0,0.052607180078106,0.15285611081774,0.0311264937339758
"41x31",0,0,0.76704422739997,0.0350122321918286,0,0,0,0,0,0.0505890157391858,0,0,0,0,0,0.118026121184453,0.0289644352167138
"41x33",0,0,0.680819589302423,0.0156214587196477,0,0,0.0146056090703199,0,0,0,0,0,0,0.0035767110873496,0.0108393627645026,0.245046991872128,0.0288048330465296
"41x35",0,0,0.723693271441811,0.00252690622914953,0,0.00695560193828126,0,0,0,0,0,0,0.00466061884984967,0,0.037999450493404,0.21216210148068,0.011523356617578
"41x37",0,0,0.714361043998889,0,0,0.00601273213205749,0,0,0,0.00805084448012332,0,0.0297345356114064,0,0.00729454843095082,0.0242788892371629,0.193286083551035,0.0159693609838223
"41x39",0.00774226402227863,0,0.670449471958839,0,0.00212222637278295,0.0240123771234724,0,0,0.0143784129759166,0.0118977612179718,0.00878672197712288,0,0,0,0.0161439559883803,0.211902100174395,0.0322009477603643
"41x41",0,0,0.761968583796377,0.0458270130277256,0,0.00194205662650293,0.00275485424033198,0,0.00680004298186913,0,0,0,0,0,0.0166264637990857,0.135375686880022,0.0283117989957008
"41x43",0,0,0.711423517556778,0.0455306873530954,0,0,0,0,0,0.00732042774051928,0,0,0,0,0,0.205491353726336,0.0289273945656084
"41x45",0,0,0.693651714971031,0.00289981372894124,0.00284086266429724,0.00196716115149904,0,0,0,0,0,0,0,0,0.0224299359929463,0.238341919338799,0.0375238091692404
"41x47",0,0,0.735750603819774,0.046671578791221,0.0224027609394401,0.0444820570652081,0,0,0,0,0.00221552245584124,0,0,0,0.0298529348200171,0.100058637450685,0.0183572777427789
"42x16",0,0,0.656139993052242,0,0,0,0,0,0,0.0019145305431858,0.0442973277011298,0,0,0.00173906248600045,0,0.26095478407741,0.0344776283026576
"42x18",0,0,0.673371349257905,0.0503656593899506,0,0,0,0,0,0,0,0,0,0,0.0235356766615613,0.223788456573834,0.0285324572101595
"42x20",0,0,0.476368925825147,0.00682296314378549,0,0,0,0.00176710159398422,0,0,0,0,0,0,0.0172365738764288,0.407336986952233,0.0902151287743301
"42x22",0,0,0.577951294930848,0.040239710939336,0.0308438085792266,0,0.0167697152769104,0,0,0,0,0,0.0150927796162873,0,0.0269248346126657,0.24731955305273,0.0446301529992236
"42x24",0,0,0.654597235649219,0.00969707320709575,0.00693778787933306,0,0,0,0,0,0,0,0,0.0104400280656271,0.0219548763475689,0.2730948179681,0.0223302097978571
"42x26",0,0,0.707981866586728,0.0135338369468749,0.022793087058232,0,0,0,0,0,0,0,0,0,0.0138060330396959,0.22382184733985,0.0175525016204145
"42x28",0,0,0.712665539490317,0.008331935760902,0,0.0036932817014592,0,0,0.006290666450385,0,0,0,0,0.0126483511979848,0.00504070074010974,0.228477981013998,0.0219777047650894
"42x30",0.00158265474160485,0,0.749331273389449,0,0,0.00753686650454342,0,0.00755826081121925,0,0,0,0,0,0,0.0358612530527732,0.172392354464993,0.0256073722611968
"42x32",0.00211597664531666,0,0.737126949805114,0,0.0056049176624542,0,0,0,0,0,0,0,0,0,0.0146109848617452,0.219523254898303,0.0204843432561936
"42x34",0,0,0.708752020073463,0.00563931621878628,0.0244202083413799,0,0,0,0.0103127493172878,0,0,0,0,0,0.01755877216591,0.208252877326052,0.0245863945156959
"42x36",0.00672898660151301,0,0.732781653373636,0,0.0162243648292942,0,0.00694221347882126,0,0,0,0.006524902308115,0,0,0.00849369369345404,0.0182867610391012,0.189568427033567,0.0135252356510639
"42x38",0.00751879256196888,0,0.698778888160774,0.0163873146423698,0,0,0.0329562626518099,0,0.00692997702426029,0,0,0,0,0,0.0141357126387808,0.209179477951225,0.0137645702247742
"42x40",0,0,0.715582916153471,0,0,0.00908097334549901,0,0.0236827653187566,0,0,0.00380208232877477,0,0,0,0.0255102745703209,0.185925982172478,0.035804502901772
"42x42",0,0,0.769569624243698,0.0247522600693832,0,0,0.00386545455588002,0,0,0,0,0,0,0.00677822873244279,0.0459816546568359,0.129723963916668,0.0190833322436439
"42x44",0.00122542339981519,0,0.663057498525337,0.0320055004498416,0,0.00193647090985569,0,0,0.00859375983204474,0,0,0,0,0,0.0231131754435271,0.245136406322031,0.0245557259661669
"42x46",0,0,0.708770428514104,0.050716804963035,0.0254866690641425,0,0.0230943316042879,0,0,0.00119247951338643,0,0,0.00187466267929883,0,0,0.151992950927917,0.0363742290477156
"43x17",0.0116652052212202,0,0.731957547739798,0,0,0,0,0,0,0,0,0,0,0,0.00713283277515597,0.210725529105165,0.0380977488872974
"43x19",0.00641785079290411,0,0.681624066526284,0.00541780976585626,0,0,0,0.007967813955264,0,0.00799811777851018,0.00307097111576882,0.0106870047271301,0.00142839634078309,0,0.0492564191405393,0.217591536890417,0.00839848669323627
"43x21",0,0,0.421184021760651,0.0263814613205742,0,0.0147633357431725,0,0,0,0,0.0152579010360131,0,0,0,0.0211513617389794,0.446451302120046,0.0547467409683792
"43x23",0,0,0.651448135625005,0,0,0.0122237334071351,0,0,0,0,0,0.0200884005224125,0,0,0.0248359080325684,0.255866424602908,0.0346871934489887
"43x25",0,0,0.734623891478258,0,0,0,0,0.0210618118176651,0,0,0,0,0,0.00611081335135216,0.0352774582213649,0.18780289546459,0.0147099984151335
"43x27",0,0,0.756788053628926,0.0162685804057649,0,0.00976359935045629,0,0,0,0,0,0,0,0,0.0256421349822658,0.185004488527772,0.00574536306006688
"43x29",0,0,0.728377188547158,0,0.0182703536353072,0,0,0,0,0,0,0,0,0,0.0314434095179855,0.19628811159416,0.0253021198534878
"43x31",0.00393966876892709,0,0.730083406165034,0,0,0.0227348567043185,0,0,0.0110604878495136,0,0.0230670189570374,0,0,0,0.0628405263346583,0.138307310650073,0.00763733248468632
"43x33",0.0106575564689066,0,0.736024695776545,0.0183446444762714,0,0,0.0346424819394866,0,0,0,0.00772883442244994,0,0,0,0.029094899094209,0.139595853279164,0.0225410718335694
"43x35",0,0,0.749907201862445,0,0,0,0.00420945180577689,0,0,0,0,0,0,0,0.0186207157519169,0.200884303324259,0.0254362958365414
"43x37",0.00347638822018411,0,0.744675025107224,0.00740950844498873,0,0,0,0,0,0,0,0,0,0.00118610905740168,0.0244208695385271,0.19953027770817,0.0189502119431838
"43x39",0,0,0.685408681234453,0,0,0,0.015926185815359,0,0,0,0.00632660765829777,0,0.0347168514080837,0,0.0235965099219733,0.222951670146181,0.0103014681701031
"43x41",0,0,0.685983582088411,0.0317628312833219,0,0.00880690089729778,0,0,0,0.00147082772333525,0,0,0,0,0.060801047713304,0.191656769837055,0.018959062826398
"43x43",0,0,0.686894684396839,0,0,0.00772837449006813,0,0,0,0,0,0,0,0,0.046575323957792,0.242450863619736,0.0158767480227582
"43x45",0,0,0.637486750712964,0.0431054736142112,0,0,0,0,0.0477276841774575,0.00316211034438123,0.00224887976599615,0,0,0,0.0279738940787755,0.208396941508555,0.0295814179379226
"44x16",0,0,0.74069154903383,0.0417882077538881,0,0,0,0.0137150081998899,0,0,0,0,0,0,0.0375764837969815,0.154780881836788,0.0110608249660927
"44x18",0,0,0.656397554182539,0.0427101641016531,0,0,0,0,0.0117459119260558,0,0,0,0.0431319108817513,0,0.0197461415024196,0.195956114399334,0.0299664168540532
"44x20",0.00797992235139282,0,0.582621794912753,0.0339387196597257,0,0,0,0,0,0.00619778077327162,0.00390926757035176,0.0504608644350443,0,0,0.0154645066043777,0.260823350402766,0.0383178887953134
"44x22",0,0,0.457963724498812,0,0,0,0.0215252775820836,0.0118132903831121,0,0,0.0265958666735854,0.0481621366799705,0.00663615290276851,0,0,0.294735953456375,0.131764129478013
"44x24",0,0,0.689183555635062,0,0,0,0,0.0123333125510549,0.0139057214036295,0,0,0,0,0,0.0354140517037876,0.21815718205424,0.0297656495603066
"44x26",0,0,0.678714008004777,0,0,0.0235376707117966,0,0.00336300532184412,0,0,0.0227248492060763,0,0,0.00138294719779626,0.0995105727848124,0.147015204940366,0.0225038364452383
"44x28",0,0,0.685776951510662,0,0,0,0.00797244999612501,0,0.00396682720162271,0,0,0,0,0,0.0179747367544091,0.248554238000882,0.0353033929129456
"44x30",0,0,0.705321292440301,0,0.0298649309131724,0.00212007118148018,0,0.00426772256401921,0,0,0,0,0,0,0.0159090596098028,0.219951561593365,0.022076600388726
"44x32",0.00418698297290012,0,0.616559343727155,0,0,0.0433539414376457,0,0,0,0,0.0834776172517806,0,0,0,0.0412239096687134,0.168962293876606,0.0416109340205153
"44x34",0,0,0.713574281380352,0.0477556595579674,0,0,0,0,0,0,0.0327208892748845,0,0,0,0.0344589880862496,0.125592829307721,0.0455197838305801
"44x36",0,0,0.678124780894927,0,0,0.00246526264823676,0,0,0.00166477942381683,0,0.0170026501165527,0,0,0,0.0695686858081303,0.194438291284696,0.0366428027983404
"44x38",0,0,0.739404342767944,0.0313599746344156,0,0,0,0,0,0,0.0218666817390314,0,0,0,0.0259584302347507,0.165630851673003,0.0155582730129719
"44x40",0.00939057046514095,0,0.689946190299772,0,0.0547417435489764,0,0,0,0,0,0,0,0,0,0.025813055309727,0.197770974483297,0.0212924751709651
"44x42",0,0,0.737770194774122,0.00524320400251361,0.0227025324169325,0.00541431526636253,0,0,0,0.0112621387403701,0,0,0.0241775562887762,0,0.0224494445562591,0.150378241493843,0.0203372285033725
"44x44",0.00147995070360146,0,0.700301952624256,0.0271105995331931,0,0.0110846039676922,0,0,0,0,0,0.00323392848115795,0,0,0,0.236946438732187,0.0194961119745067
"45x15",0.00321225580387135,0,0.657105521064928,0,0,0,0,0,0,0,0,0,0,0,0.141720152317572,0.178479268186103,0.0191461588853997
"45x17",0,0,0.565921092848314,0,0,0.00174438684696834,0.0029117450991957,0,0,0,0,0,0.0380387769222505,0,0.0434154853833988,0.317620133981764,0.0300041642837377
"45x19",0,0,0.657243032150647,0.0420065645527811,0.00234476973232958,0,0,0,0,0,0,0,0,0.0405293900040031,0.072109323205877,0.163923030371789,0.0215521726969767
"45x21",0,0,0.629567473905574,0.0181647119630753,0,0,0,0.00409254094297981,0,0,0.0228417977787198,0.00185160668802875,0,0,0.0278224146783312,0.277195094393655,0.0181495205238313
"45x23",0,0,0.529350107776815,0,0,0.00188855600137586,0.0416324369301167,0,0,0.0161993505389691,0.0900015439472994,0,0,0,0.0101350679112325,0.214038420387721,0.0962455248673619
"45x25",0,0,0.72664535280541,0,0.012894452605366,0,0.0178530112515906,0,0,0,0,0,0,0,0.0470196092560951,0.187652700561285,0.00754593341779299
"45x27",0.014122421600414,0,0.691610529811558,0.0414232570610472,0,0.00651411647172066,0.00369361856930717,0.00690483991379132,0,0,0,0,0,0,0.00435687623397804,0.214056577519897,0.016938322796066
"45x29",0,0,0.681747245439004,0,0,0,0,0,0,0,0,0,0,0,0.00878551454868236,0.27890374357624,0.0300854085434781
"45x31",0,0,0.754681995429843,0,0.0130585204252002,0,0,0,0,0,0,0,0,0,0.0181831041799044,0.194291051107859,0.0196330591920134
"45x33",0,0,0.699278418971914,0,0,0.0431026048132535,0,0,0,0,0,0.00974100820635375,0,0,0.0749471190903325,0.143618614131073,0.0287368883119927
"45x35",0,0,0.740839737085443,0.021963866208032,0,0,0,0,0,0.0087051995401755,0.0272650385686211,0,0,0,0.0170619193333608,0.148242491419793,0.0358020675115023
"45x37",0.00158517648443791,0,0.718579408397075,0.0101026026241699,0.00949820444018643,0,0.0143779359171947,0,0,0.0074021030838103,0,0,0,0.0229305571312511,0.038992776452468,0.154982084227869,0.0214334607763441
"45x39",0,0,0.767678524406465,0.0227900360377372,0,0,0.0101537409478122,0,0,0,0,0,0,0,0.04728612356357,0.144932297128785,0.00677357389878819
"45x41",0,0,0.690562740317427,0,0,0,0.00590209117319286,0,0,0,0.00247028932417452,0,0,0.00248074243708371,0.0391372552956763,0.249549277439646,0.00918599864615452
"45x43",0,0,0.672326159742448,0.0730028643510325,0,0,0,0,0,0,0,0,0,0,0.0116484968466674,0.200796731012277,0.0413614124591291
"46x16",0,0,0.707157066038843,0.024146500999376,0,0,0.00864583073779456,0,0,0,0,0,0,0,0.0354459171741373,0.213038976490435,0.0111802805353862
"46x18",0,0,0.632257269137356,0.00769923809000934,0.0109197506015103,0,0,0.00913699443446767,0.00863603650727107,0,0,0,0,0,0.0154958194977088,0.285969265174272,0.0295889938555672
"46x20",0,0,0.718541883702297,0.0241315175655174,0.023549869459618,0,0,0,0,0.00409598090521911,0,0,0,0,0.0410511075057245,0.171749776290886,0.016530418606894
"46x22",0,0,0.670792701904019,0.0081837490703235,0,0.00349646519772574,0.00490036619334815,0,0,0,0.0246514077232253,0,0,0,0.00468202395864911,0.24666706853666,0.0363313239034255
"46x24",0,0,0.677654514251578,0.0147821770313963,0,0.00148342707347711,0,0,0,0,0,0,0,0,0.0350981381331757,0.248677056002656,0.0219361218550608
"46x26",0,0.021093719277552,0.693705537870698,0.0502025377778347,0,0,0,0.00556084314618068,0.0170320860031716,0,0,0,0,0,0.0172681076768409,0.186037881127508,0.00822044121861924
"46x28",0.0134372975632842,0,0.662571516925759,0,0,0,0,0,0.0174827128804061,0.00260730645994228,0,0,0,0,0.0123635789428249,0.256589075951671,0.0339836068233707
"46x30",0,0,0.740246079597167,0.0259595705469655,0,0.00218787273526204,0,0,0,0,0,0,0,0,0.0318299627515811,0.184721103249323,0.0139417908330752
"46x32",0,0,0.744494405209716,0,0,0,0,0.00348670871762944,0,0.00133712658348999,0,0,0.023532884741083,0,0.0333025938251051,0.1852624290261,0.00818746181352167
"46x34",0,0,0.779525133603133,0,0.0128729574022876,0,0,0,0,0,0,0,0,0,0.033588640818318,0.160186703203944,0.0133725908738122
"46x36",0,0,0.752841392378601,0.0231166034198328,0,0,0.020705747999629,0.00218142308542802,0,0,0,0,0,0,0.0506717280810743,0.134426882124293,0.01570448883289
"46x38",0.00793513892875311,0.030364631550459,0.695602405918795,0.0115922203333682,0.00192696832410456,0,0,0,0,0.00550702743991002,0,0,0,0,0.0250268707857269,0.198609619097262,0.0231742435470097
"46x40",0.00754902558604759,0,0.708450028198948,0.0194948333542294,0,0,0,0,0,0,0,0,0,0,0.0219510035271535,0.225287346365427,0.0168961587312359
"46x42",0,0,0.65791012815574,0.0148525299553167,0,0,0,0,0.00336767133899013,0.00398533064715557,0,0,0,0.00226534991289279,0.0288974491087736,0.258858427029924,0.0287089360193635
"47x15",0.00753441820969913,0,0.650166422129375,0,0,0.0228560693704084,0,0.0103963725802797,0,0,0,0,0,0,0.0955619035004352,0.186353886596252,0.0266878641613903
"47x17",0,0,0.679434003698007,0.00686747892323797,0,0,0.0160233981026321,0,0,0,0.0321664922106471,0,0,0,0.0375996417733177,0.21227217467301,0.0154076393909561
"47x19",0,0,0.727350203602294,0.0295378526234582,0.00151866667490679,0,0,0,0,0,0,0,0,0,0.0315460656377578,0.194941338344458,0.0147278535980658
"47x21",0,0.0392847608481625,0.707679612221735,0.0852641047235931,0,0,0.0137190556215927,0,0,0,0,0,0,0,0.0367442712307289,0.098228691897578,0.0187439145699586
"47x23",0,0,0.657203968969064,0.00942362415613628,0,0,0,0.0235812215794185,0.0115975276929686,0,0,0,0,0,0.0175164977273157,0.2388498826968,0.041494872132148
"47x25",0,0,0.620119878268788,0.00917535739456354,0,0,0.0165072696017266,0.0152447692202992,0,0,0,0,0,0,0.00189357646286636,0.303603769737991,0.0332135815560411
"47x27",0,0,0.695877013132356,0.0154354214777077,0,0,0,0,0,0,0,0,0,0,0.0294744456453031,0.241088533931072,0.0177155446772737
"47x29",0,0,0.718103894365193,0.0219810647022551,0,0,0,0,0.00719157874104319,0,0,0,0,0,0.0383743704272049,0.195563260742929,0.0184056352693893
"47x31",0,0,0.738228961160796,0.0186759852022121,0,0.00211956194672425,0,0,0,0,0.0205070930706424,0.0258708900404954,0,0,0.0435535315377143,0.15054465376322,0
"47x33",0,0,0.712694421259751,0,0,0,0.0057944798781803,0,0,0.00211110008693721,0,0,0.00753973216432727,0,0.0123577306702447,0.22698690468369,0.0318701002328157
"47x35",0.00195497352388778,0,0.732308907301057,0.0426955770497486,0,0,0,0,0,0.00202927835247417,0.0220789344867399,0,0,0,0.0275066808420748,0.14813219602747,0.0229865397907504
"47x37",0,0,0.72218930878017,0.0637804870643614,0,0,0,0,0,0,0.0140477793401954,0.00431212933031833,0,0,0.0277954469085563,0.1454976492845,0.0220432571121313
"47x39",0.0110980619397997,0,0.673701380507665,0.0311771431152616,0.0113749575165698,0,0,0,0,0,0,0,0,0,0.0262683792208686,0.217825549324659,0.0280793384210577
"47x41",0.0118257266982328,0,0.653151838008104,0.0109601121283264,0,0,0.0063347345220177,0,0,0,0,0,0.0419595646965348,0,0.00704742982809434,0.230957234710768,0.0374617119832409
"48x14",0,0,0.659926942988434,0.00697360157290882,0,0.0019851505780693,0,0,0.0544867646677932,0,0,0,0,0.0106610311640988,0.0795791941129832,0.118310934168942,0.0678464939284105
"48x16",0,0,0.673949930910776,0.0479126292892554,0.0330356337722314,0,0,0,0,0,0,0,0.0083708071024254,0,0.00578918816434611,0.214524036798883,0.0160511217976217
"48x18",0,0,0.645730485551889,0.0129536888886787,0,0,0,0.0039569346685694,0,0,0,0,0,0,0.0296909313167857,0.270864403723025,0.0362777330334576
"48x20",0,0,0.755885607280466,0.0603329637879488,0.0120632775007987,0,0.0362846325307717,0,0,0,0,0,0,0,0.0318981444803335,0.0861595465414638,0.0164849537535956
"48x22",0,0,0.638250940346836,0.0334587844861834,0,0,0.0129326683507753,0.0180438953585759,0,0,0,0,0,0,0.0229191370343478,0.235863382271611,0.0382052242992427
"48x24",0,0,0.548108379352141,0,0,0.0164739847704651,0,0.0195369782450792,0,0.0670344660673384,0,0,0,0,0.0122851649948045,0.234407464005305,0.101754274321789
"48x26",0,0,0.763750953159801,0.0449176824923672,0,0,0,0,0,0.00766587004371662,0,0,0,0,0.00116405952742632,0.14947424672109,0.0324825468080125
"48x28",0,0,0.6771653428401,0.0296950686509163,0,0,0,0,0,0,0,0,0,0,0.0473623959856679,0.234438114316451,0.0109351108645467
"48x30",0,0,0.756036542634571,0.00106393484447336,0.0202933767025724,0,0.0129786250989052,0,0,0,0,0,0,0,0.020652359645871,0.16681685450319,0.021987954172167
"48x32",0,0,0.743222093372313,0.0138920173647929,0,0,0,0,0,0.00470034585502219,0,0,0,0,0.0337064993825946,0.182160917856987,0.0219397662024328
"48x34",0,0,0.674872931148775,0,0,0.0048346503731875,0,0,0,0.00197468202296277,0,0,0,0,0.00995862002134613,0.246248785715927,0.0608002860058732
"48x36",0,0,0.663188284589399,0.0169466832483927,0,0.0034848244889913,0.00537553207565894,0,0,0,0,0,0,0,0.0288680305808981,0.25953944334921,0.0222702996247755
"48x38",0,0,0.719626516827187,0.0160581461531226,0,0,0,0,0,0,0.00344183585377279,0,0,0,0.0407268037725933,0.191237432009674,0.0285273787948907
"48x40",0,0,0.643202660179959,0.032082191365989,0,0,0.0191021238643733,0,0,0,0.0260362157686653,0,0,0,0.0213155428865889,0.227385209532689,0.0306080647340809
"49x15",0.0156328652734152,0,0.484139980300396,0.0515764251925066,0,0.0130785332916105,0.0242324101031949,0,0,0,0.0886610325515007,0.040423638345906,0,0,0.0202055160498758,0.0908972935079796,0.171011337169173
"49x17",0,0,0.586237323895476,0.00418982072912296,0,0.00543205262796239,0,0,0,0,0,0,0,0,0.0386778043516688,0.341822479169145,0.0232755555010985
"49x19",0.018929164398254,0,0.676183323501005,0.00586086958101995,0,0,0,0,0,0,0,0,0,0,0.0180580739811538,0.256227701526609,0.0243525266112168
"49x21",0,0,0.687427604919401,0.00893249859380638,0,0.00172679067192843,0,0,0.0149328002961361,0,0,0,0.00241787075949526,0,0.0430763762440591,0.219526083115887,0.0216584972731109
"49x23",0,0,0.668543292590252,0,0.0219420588685251,0,0.00809406087785837,0,0,0,0,0,0.00562593753596857,0.00282746476930738,0.00977061379153369,0.245084837629651,0.0377576953695478
"49x25",0,0,0.610047914485821,0,0,0,0.0177034256026915,0,0,0,0,0,0,0,0.00850599992569935,0.281774052246642,0.0811148983899709
"49x27",0.0114066229587527,0,0.725338250657347,0,0,0,0.00714657760570972,0,0,0,0,0,0,0,0.0401936184249365,0.195722235856392,0.0197965122790772
"49x29",0,0,0.736251409933704,0.0091693218902762,0,0,0.0117024943074383,0,0,0,0,0.00144507058911663,0,0.013284557812975,0.0242129950539562,0.183466842714752,0.0201588424434133
"49x31",0,0,0.690990716869066,0,0,0,0.010477882559791,0,0,0,0,0,0,0,0.0180995129874152,0.248739566581624,0.0304149475477264
"49x33",0.00561080079309354,0,0.546310927775722,0,0,0.137612269599403,0,0,0,0,0,0,0,0,0,0.226586088661207,0.0831934772239648
"49x35",0,0,0.685035182114405,0.00687017007204729,0,0,0,0,0,0,0,0,0,0,0.044414152506571,0.246184968196824,0.0170808307335686
"49x37",0,0,0.684310040628115,0.0407153464675238,0,0,0,0,0,0,0.0151193574863184,0,0,0,0.0274442381132153,0.201538728461145,0.0303431191800782
"49x39",0,0,0.784557155855997,0.0585533552000567,0,0,0,0,0,0.00529710322118704,0,0,0,0,0.0269727770413173,0.093454937407086,0.0304342569271557
"50x18",0,0,0.676172812964622,0,0,0,0.0207590952822483,0,0,0,0,0,0,0,0.0232336072739107,0.2351081685532,0.0442450161917371
"50x20",0,0,0.734821344208058,0,0,0,0.0214323348278173,0,0,0.0227447407884706,0,0,0,0,0.0308246621726169,0.169449160007727,0.0204305290584353
"50x22",0,0,0.693117691414653,0.0315874893900816,0,0,0,0.00695829982922862,0,0,0,0.0167539008396468,0,0,0.0157975747147721,0.217544348097941,0.0177564990749604
"50x24",0,0,0.579753921364646,0,0,0,0.0262518708518637,0,0,0,0.0485497783514143,0,0,0,0.00246294236580474,0.235076916356426,0.107095141167141
"50x26",0,0,0.648937876234698,0.0468919710171022,0,0,0,0.00264797211735543,0.00890398466678725,0.00435446991687498,0.0154171672234414,0,0,0,0.00415566501744812,0.214196987220899,0.0542291165123729
"50x28",0,0,0.625496400680758,0.00771584566091001,0,0.0036164200353826,0.003859992357503,0,0,0.0128521490482278,0,0,0,0,0.0208614362647718,0.287895348393413,0.0374035434578077
"50x30",0,0,0.554133301329803,0.0118732637168295,0,0.00861502128540986,0,0,0,0,0,0.0117262350275682,0,0,0.0339077011859512,0.321148728694777,0.0582642381007518
"50x32",0,0,0.524964170390139,0.00739398220784681,0,0.0865587885073383,0,0,0,0,0,0,0,0,0,0.349908792143775,0.0308736786569233
"50x34",0,0,0.648283707058409,0.00534277451026335,0,0,0,0.00610308398172124,0,0,0,0,0,0,0.0272979689052603,0.280284868517436,0.0324319796451082
"50x36",0,0,0.693238447605346,0.046813574436747,0,0,0.00491766645253113,0,0,0.00736563916562846,0.00779689580227651,0,0,0.0074306544327515,0.021604999592366,0.189075258129889,0.0215641048694849
"50x38",0,0,0.708001228467984,0,0,0.00774904064852794,0,0,0.00259428477212058,0.0337707057492222,0.00111869955808713,0,0,0,0.0125159062673504,0.211825482567975,0.0220808984227278
"51x17",0,0,0.65663720193214,0.0429018496830813,0,0.0116048650533216,0,0,0.00663912750702248,0.0293658878263986,0,0,0,0,0.0416381687834736,0.180882853180181,0.0300900576096829
"51x19",0,0,0.808268212491135,0.0099746373865787,0,0,0,0,0,0,0.00434477836737179,0,0,0,0.0429952728005279,0.110086514506525,0.0238216278787366
"51x21",0,0,0.688662843463454,0.0278662905265223,0,0,0,0,0,0.0136533886919193,0,0,0,0,0.0352254124518016,0.208621611039381,0.0256014350111362
"51x23",0,0,0.635255060594216,0,0,0,0.00833703281018865,0,0,0,0,0,0,0.00669460916305712,0.0599732218692456,0.251392771805388,0.0372145172178061
"51x25",0,0,0.57769539408901,0.0176451922346828,0,0.0272082205349574,0.003868050181769,0,0,0,0,0,0,0,0.04782924075258,0.263857124502603,0.0616268607118924
"51x27",0,0,0.551141511990414,0.00454701457862869,0,0.0174194690323389,0.0245274468313413,0,0,0,0.0399493131185299,0,0,0,0.02903429144424,0.280191742175255,0.0525353377949819
"51x29",0,0,0.496737185897438,0.029930783637623,0,0.0759522320802695,0,0,0,0,0.0203552800128672,0.00116248421202788,0,0,0.0295819953596219,0.291742760392384,0.0543139482436856
"51x31",0,0,0.47355496128595,0.136760290862052,0,0.122928745435413,0,0,0,0,0,0,0,0,0.0185198398120658,0.206750717117258,0.0412373770179302
"51x33",0,0,0.489260372332177,0,0,0.0632451617933269,0.0248975933084112,0,0,0,0,0,0,0,0.0196554551806245,0.346489960026868,0.056075774460397
"51x35",0,0,0.698115839314997,0.0230504518033202,0.0130734440133867,0,0,0,0,0,0,0,0,0,0.00801556443587496,0.225755241533584,0.0312413489206448
"51x37",0.00136666384962626,0,0.650686272400253,0,0,0.0118323679224601,0.0059709280652434,0,0,0,0,0,0,0,0.0249579836579821,0.278338545610272,0.0265022156406123
"52x16",0.00429779533261274,0,0.746766940092627,0,0,0,0,0,0,0,0,0,0,0,0.0967204726181569,0.112733626716959,0.0391568860737251
"52x18",0,0,0.710620686518076,0.0241384042702525,0,0,0,0,0,0.023194091745357,0,0,0,0,0.0791474783972568,0.120433711463902,0.0421577808943538
"52x20",0,0,0.654663191986173,0,0,0,0,0,0,0,0,0,0.00126345092789099,0,0.0365590401779559,0.255518810454655,0.0514244809077784
"52x22",0,0,0.772971726138789,0,0,0,0,0,0,0,0,0,0,0,0.0426688072843092,0.157494655577045,0.0262670537376608
"52x24",0,0,0.686455654681154,0.0177793754443741,0,0,0.0196464681876184,0,0.00402636505453133,0,0,0,0,0,0.0140857432758584,0.226986174916685,0.0306771883130577
"52x26",0,0,0.628821819580942,0.0272917976362908,0,0.00493679446758559,0,0,0,0.0226799172727377,0,0,0,0.00781835402375518,0.0311352161570447,0.230775198075358,0.0461932297921834
"52x28",0,0,0.730959288904695,0,0,0,0,0,0,0,0,0,0,0,0.0546015378032404,0.176700581199206,0.0373621191365088
"52x30",0,0,0.639021479297548,0.0541876326569122,0,0.0256938366195197,0,0,0,0,0.00252236751235692,0,0,0,0.0413777028545828,0.151939662482743,0.0850245582347315
"52x32",0,0,0.697589091834972,0.00278358212301767,0,0.00188532741860432,0,0,0,0,0,0,0,0,0.052972111120184,0.220244569637146,0.0242237489167889
"52x34",0,0,0.595331797687139,0,0,0,0,0,0,0,0.0348527101261912,0,0,0,0,0.329218577763709,0.040104099291503
"52x36",0.00488426806362971,0,0.637432134574081,0,0,0,0.00401632813127378,0,0,0,0,0.045848517274044,0,0,0.023722770798476,0.247967202565212,0.0353767456446648
"53x15",0,0,0.702803139556574,0,0,0,0,0,0,0.00632989440892593,0,0,0,0,0.026362843586773,0.175276131715348,0.0889065420310415
"53x17",0,0,0.750689446814408,0,0,0,0,0,0,0,0,0.0513736399513121,0,0,0.0559538376291017,0.130411994410289,0.011188721968139
"53x19",0.00879221085294096,0,0.722025109083004,0,0,0.00777552233458645,0,0.00745261111620455,0,0,0.0067865031986311,0,0,0,0.0741551789323292,0.144059624923828,0.028660427842178
"53x21",0,0,0.631759423442414,0,0,0.00172251020209047,0,0.0155276331201003,0,0,0.00635658569021729,0,0,0,0.108723138441587,0.187990155105193,0.0475910195582906
"53x23",0,0,0.757775918327693,0,0,0,0,0,0,0,0,0,0,0,0.0286144965135265,0.200934986204625,0.0119861727195192
"53x25",0,0,0.682259270638811,0.0104925117754994,0,0,0,0,0,0,0,0,0,0.0290977611149082,0.0105586832617318,0.236429812419935,0.0307934098228728
"53x27",0.00573984160639538,0,0.605088061635098,0.00667307871979344,0,0,0,0,0.00409124951148931,0.010756894692268,0,0,0,0,0.0420563821036317,0.287006015049875,0.0383584305580757
"53x29",0,0,0.628667623622252,0.00559322967940236,0,0.00337714114856239,0,0,0,0,0,0,0,0,0.0547429182891183,0.242032878244916,0.0653107148296011
"53x31",0,0,0.738277184176584,0,0,0,0,0,0,0.0152511921836541,0,0,0,0,0.0503024617237737,0.177069792053872,0.0186728351000518
"53x33",0,0,0.667395576626993,0.0555142717604647,0,0,0,0,0,0,0,0,0,0,0.0217255180170487,0.237745690902388,0.0163811418673774
"53x35",0.00303220013482747,0,0.607220704467572,0.036326442731839,0,0,0.0213884919540693,0.0138329091158673,0,0,0,0,0,0,0.00650414555747917,0.269552075672034,0.0418475894127094
"54x16",0,0,0.485854036223145,0.0139876967192733,0,0,0.024846945660904,0,0,0.0623810872761224,0,0,0,0,0.109597769638065,0.205270731946559,0.0978086718230826
"54x18",0.0154783920733746,0,0.578685536548589,0.0159129828137479,0,0.00167435725515043,0,0.0348784204931126,0,0,0.037733272684601,0,0,0,0.0833839351346966,0.154649113681272,0.0774280500426848
"54x20",0.0142350175665874,0,0.629613494691867,0.0197769263824191,0,0,0,0,0,0,0.064293508348844,0,0,0,0.0409697214009664,0.174975127901241,0.0554847923202932
"54x22",0,0,0.6895436657861,0.0178067125475772,0,0,0.017399198336719,0,0,0,0,0,0,0,0.0130569396405906,0.244845358333316,0.0169797496439361
"54x24",0,0,0.718077397137347,0.0149954742886767,0,0,0,0,0.0024697900410778,0.00118969587788402,0,0,0,0,0.0237054502157279,0.205468977748742,0.0329062610862152
"54x26",0.0031895572041077,0,0.71150444742603,0,0,0.00217264944142391,0,0,0,0,0.0342553964660494,0,0,0.011483503788318,0.00977987872651161,0.193129404096575,0.0341823887297366
"54x28",0,0,0.728245721868798,0,0,0,0.0151476159585661,0,0,0.020274532983607,0,0,0,0,0.0451509502739864,0.17606968255665,0.0147756362195846
"54x30",0,0,0.686213780095184,0.0328263200101855,0,0,0,0,0,0.00645659830438113,0.0325498258695436,0,0,0,0.0160096011980235,0.205626561923767,0.0199824426520903
"54x32",0,0,0.71881074404695,0.0415832296114329,0,0,0,0.0120881327719985,0.0251168070999203,0,0,0,0,0,0,0.171868466482254,0.0300029741015892
"54x34",0,0,0.726154825495154,0,0,0,0,0,0,0,0,0,0,0,0.0278934473101287,0.228908937758653,0.0164850619832359
"55x17",0,0,0.445998266589385,0.0408153155310347,0,0,0.0691615272018791,0,0,0.0407859125596539,0,0,0,0,0.0421005800638305,0.113232393280729,0.247563045846188
"55x19",0.00257828023833814,0,0.74786451157833,0.093226592205704,0,0.00248437518681864,0,0,0,0,0.0403642349166555,0,0,0,0,0.0475480377502108,0.0656082412025427
"55x21",0,0,0.7088285450337,0.0244890171291074,0,0,0,0,0,0.0172320911445353,0.00220190204679978,0,0,0,0.0141582828441986,0.211866404283081,0.0207464217693638
"55x23",0,0,0.693472833371033,0.0112901799648177,0,0,0.0119991057326556,0.00744951646626542,0,0.0129049121152585,0,0,0,0,0.0131442454352444,0.233396068090413,0.0160417745818884
"55x25",0,0,0.685915531521469,0.0502954345875566,0,0,0,0,0,0.0249254271286964,0,0,0,0,0.0272225035140855,0.180224755326927,0.0310496441345036
"55x27",0,0,0.727194749978081,0,0,0.0112277599533843,0.0531015785059594,0,0,0,0,0,0,0.00502096962601565,0.0979543550310129,0.095986926840417,0.00929567949165267
"55x29",0,0,0.730452513903409,0,0,0,0.00654748006947449,0,0,0.00201896846373282,0,0,0,0,0.0199776491498024,0.192002422552542,0.0485449367260572
"55x31",0,0,0.690093451676191,0,0,0,0,0,0,0,0,0,0,0.0653162095368455,0.00523585335910061,0.21607059650794,0.0229087911641513
"55x33",0,0,0.782236982855098,0.00435308324264574,0,0,0.010923546946018,0,0,0.00520034804008761,0.00347378252964413,0,0,0,0.0274064936345541,0.133719721016021,0.0324677318935512
"56x18",0,0,0.647736491967178,0.00767734979793316,0,0,0.0773794932430281,0,0,0,0,0,0,0,0.0380951221288473,0.127257908211023,0.10166432236514
"56x20",0,0,0.691704734699855,0.0483038744260768,0,0,0,0.0127508896209159,0,0,0,0,0,0,0.00431246818074573,0.205972892789369,0.0365825687015248
"56x22",0,0,0.622081126953561,0.0553988972953604,0,0.00169016194596178,0,0,0,0,0,0,0,0,0.0262146364396932,0.286212791477118,0.00804123954675111
"56x24",0,0,0.613455138113045,0,0,0,0,0,0,0,0.0514511260241693,0,0,0,0.0833990661242731,0.210258141899837,0.0409908135602723
"57x21",0,0,0.645611834722692,0.0189615924131342,0,0,0,0.0312408802838802,0,0,0,0,0,0,0.0248616468022539,0.235595461304198,0.0433566738421624
"57x23",0,0,0.742372309675641,0.0412047101710577,0,0.00496070397853061,0.0130212737490945,0,0.0326353728178964,0,0,0,0,0,0.025899688564863,0.125142925183641,0.0144570334220991
"58x22",0.0132327325855963,0,0.767116316785117,0,0,0.00857261643862481,0,0,0,0,0,0,0,0,0.0305023015347887,0.131451302372726,0.0487717608942351
