"","pearson_corr","t statistic","p_val","adjp_val"
"STMN1",0.10196946512273,22.382231227015,2.17747049155146e-110,4.35494098310292e-107
"RPS8",-0.114436903252732,-25.1531377069865,1.05261596974101e-138,2.10523193948202e-135
"S100A11",-0.163507306193283,-36.1897096835562,6.14032408021557e-283,1.22806481604311e-279
"MARCKSL1",-0.257050386398588,-58.0798928626406,0,0
"NCDN",0.198806520646105,44.294616144956,0,0
"TMSB10",0.212089233988403,47.3888727722108,0,0
"LMO4",0.247571379376479,55.7954327826937,0,0
"RPS27",-0.155002920740827,-34.2597591607378,3.85643519790197e-254,7.71287039580394e-251
"MOBP",-0.463877661254083,-114.335918373096,0,0
"CCK",0.2692615495472,61.0493954826734,0,0
"CLDND1",-0.357579841077887,-83.6073244460894,0,0
"TF",-0.417277018920337,-100.26043640317,0,0
"ATP1B1",0.177834486804675,39.4600647926247,0,0
"PAQR6",-0.297986891894037,-68.163670025683,0,0
"QDPR",-0.174001245079007,-38.5826408132253,1.03753785626662e-320,2.07507571253324e-317
"UCHL1",0.257587132062009,58.2097782702599,0,0
"HOPX",0.177290942936375,39.3355365286527,0,0
"RTN4",0.107871136583431,23.6924735571813,2.2339123136587e-123,4.4678246273174e-120
"SPARCL1",0.14804762467904,32.6871760157497,8.75151425956986e-232,1.75030285191397e-228
"SPP1",-0.387649482899721,-91.8254033077554,0,0
"SNCA",0.168167081562899,37.2506643856648,2.09884704497951e-299,4.19769408995902e-296
"RGS4",0.247774781703546,55.8442708399024,0,0
"TBR1",0.111083100056732,24.4066238504119,9.26362712579501e-131,1.852725425159e-127
"MAP1B",0.190710306802343,42.4211729572922,0,0
"PPP3CA",0.210667681261632,47.0564399016508,0,0
"ENC1",0.303168116905561,69.467691275476,0,0
"CSRP1",-0.227917877464487,-51.1123149694495,0,0
"CHN1",0.292598362442876,66.8144856024161,0,0
"VSNL1",0.306220147471387,70.2389966986331,0,0
"GPM6A",0.215590320422271,48.2089573017698,0,0
"CD74",-0.14338026776562,-31.6346892421137,2.2088730521261e-217,4.41774610425219e-214
"SPARC",-0.167116941072359,-37.0113431442842,1.18981819374877e-295,2.37963638749754e-292
"TUBB2A",0.280684450836773,63.8559148164162,0,0
"SYN2",0.188344458563023,41.8754381673563,0,0
"EEF1A1",-0.187335949890707,-41.6430339457195,0,0
"CALM2",0.142607391108497,31.4606159895539,4.81636628709078e-215,9.63273257418156e-212
"NDUFA4",0.248211376317114,55.949126272261,0,0
"LRATD1",0.102308114364241,22.4573494727854,4.09956461567643e-111,8.19912923135286e-108
"RPS12",-0.174626412570105,-38.7256161741659,4.94065645841247e-323,9.88131291682493e-320
"PLP1",-0.405613768762311,-96.8966776372752,0,0
"GABRD",0.17021858681302,37.718568542677,8.27181864922403e-307,1.65436372984481e-303
"NEFM",0.220295919112338,49.3142619863659,0,0
"NEFL",0.288457935541685,65.7825414384004,0,0
"MDH1",0.260196054307719,58.8419282576749,0,0
"STMN2",0.262816967436518,59.4783756214834,0,0
"COX6C",0.125655824168316,27.6568153383677,4.84680594013315e-167,9.69361188026631e-164
"RPL32",-0.10648322498819,-23.3841179336294,2.95556625459746e-120,5.91113250919493e-117
"DIRAS2",0.139997297053739,30.8731825535923,3.04245555588173e-207,6.08491111176347e-204
"RPL10",-0.138515461743743,-30.539970487711,7.00287054513012e-203,1.40057410902602e-199
"OLFM1",0.310040757215119,71.2079094588266,0,0
"FTH1",-0.312911637196356,-71.9384768952452,0,0
"ATP1A1",0.217489264567336,48.6545736570536,0,0
"TXNIP",-0.107350076216718,-23.5766920051242,3.35601535882634e-122,6.71203071765267e-119
"PTMA",-0.166285379946386,-36.8219269173179,1.07177369154236e-292,2.14354738308471e-289
"MALAT1",-0.125015791923046,-27.5137019646526,2.3727394996005e-165,4.745478999201e-162
"CRYAB",-0.367955644804883,-86.4070647626776,0,0
"NRGN",0.325709224184409,75.2221736449558,0,0
"IFITM3",-0.106346161159905,-23.3536736683579,5.97967307925482e-120,1.19593461585096e-116
"PTP4A2",-0.150452688161039,-33.2303835647746,2.15247394080995e-239,4.30494788161991e-236
"SNCG",0.217639528551584,48.6898600815378,0,0
"GAP43",0.247826232414684,55.8566256951067,0,0
"EFHD1",-0.282982350508941,-64.4239953372377,0,0
"NEAT1",-0.105442983741324,-23.1530958051592,6.07088639790922e-118,1.21417727958184e-114
"TUBA1B",0.201747909649222,44.9775601192894,0,0
"TUBA1A",-0.106758807335592,-23.4453336590423,7.14665981385393e-121,1.42933196277079e-117
"TUBA4A",0.186780377529899,41.5150642870626,0,0
"KRT8",-0.169856679692924,-37.6359888317701,1.70102249126667e-305,3.40204498253335e-302
"KRT18",-0.133115135565268,-29.3273807349553,2.16429486850426e-187,4.32858973700853e-184
"APOD",-0.247974394589874,-55.8922066798801,0,0
"RPL41",-0.110600062435561,-24.2991760250199,1.23341487683972e-129,2.46682975367943e-126
"CPLX1",0.196915066225198,43.8561101340608,0,0
"TAGLN3",0.224285495766205,50.2542099920876,0,0
"SYT1",0.275270438429016,62.5221651253352,0,0
"NA1",-0.305055845454079,-69.9444757097319,0,0
"PCDH8",0.102053755639857,22.4009275822098,1.43771709218307e-110,2.87543418436614e-107
"CPE",0.140884410046526,31.0727638128258,7.05980425791539e-210,1.41196085158308e-206
"BASP1",0.269345734078777,61.0699753308239,0,0
"PCSK1N",0.165008839051487,36.5313085180989,3.4318357718132e-288,6.86367154362639e-285
"MAP2",0.175056104602517,38.8239144363256,0,0
"B2M",-0.15262125378105,-33.7206929607532,2.30247827538816e-246,4.60495655077633e-243
"TUBB",0.135916681212401,29.9561006638776,2.39383588121407e-195,4.78767176242815e-192
"CAMK2A",0.188878005323492,41.9984460217643,0,0
"SERPINI1",0.223026358500163,49.9572715528462,0,0
"PFKP",0.158724192046299,35.1032604846737,1.52671100965837e-266,3.05342201931673e-263
"SNCB",0.261402521130659,59.134725222966,0,0
"DCLK1",0.19988604796969,44.5451193642484,0,0
"EIF4A2",0.196298429992948,43.713262453392,0,0
"GRIA2",0.132155558026434,29.1121987287182,1.04971273942066e-184,2.09942547884131e-181
"NDRG4",0.23839742844128,53.6007558373976,0,0
"RNASE1",-0.321722068492024,-74.194294087708,0,0
"RTN3",0.190058314847999,42.2707006191954,0,0
"RTN1",0.282575301349929,64.3232782593307,0,0
"CNP",-0.37335812104735,-87.87949720311,0,0
"SCD",-0.294449837766478,-67.2772649643748,0,0
"CKB",0.152483677906105,33.6895725323486,6.41984347455184e-246,1.28396869491037e-242
"GFAP",-0.425697205010148,-102.725970695532,0,0
"ITPKA",0.116835820105423,25.6876390428439,1.5536104427651e-144,3.10722088553021e-141
"SEPTIN4",-0.286800586413477,-65.3706028801508,0,0
"YWHAG",0.248323193598567,55.9759868865247,0,0
"PARM1",0.137514387893911,30.3149830909915,5.81941520585698e-200,1.1638830411714e-196
"MTURN",-0.110920630163417,-24.3704817815425,2.21568433221903e-130,4.43136866443806e-127
"ARPP19",0.179163132581739,39.7646205949303,0,0
"GABRA1",0.219887650328849,49.2182211886204,0,0
"RPL30",-0.146452160735005,-32.3271523850792,8.30366347226193e-227,1.66073269445239e-223
"RPLP1",-0.17423809956212,-38.6368035939332,1.36362118252184e-321,2.72724236504368e-318
"ENO2",0.217858389843257,48.7412616836358,0,0
"RPL37A",-0.107747280438401,-23.6649504749532,4.25900513155435e-123,8.5180102631087e-120
"SNAP25",0.341250366197629,79.2723211764083,0,0
"BCAS1",-0.34091229727826,-79.1834546034251,0,0
"SELENOP",-0.313069867445334,-71.9788058259723,0,0
"PPIA",0.113220981957815,24.8823898489575,8.52066963242269e-136,1.70413392648454e-132
"IPCEF1",0.118511993127813,26.0613761577473,1.10557889957124e-148,2.21115779914248e-145
"QKI",-0.260280406570562,-58.8623900421838,0,0
"NENF",-0.114261229129949,-25.1140134946791,2.78231539950785e-138,5.56463079901569e-135
"SCN1B",0.185411299973083,41.1998889922102,0,0
"MAG",-0.420229725127138,-101.121398357378,0,0
"CCNI",0.112560005689236,24.7352585860176,3.14808828702443e-134,6.29617657404887e-131
"PPP1R14A",-0.386473609913149,-91.4978701681678,0,0
"PTGDS",-0.287119309885425,-65.4497726150711,0,0
"SNRPN",0.204541336584141,45.6273237658162,0,0
"HSP90AB1",0.160540307524698,35.5154744898562,1.04410760716019e-272,2.08821521432038e-269
"FTL",-0.214859155057517,-48.0375314334345,0,0
"SLC17A7",0.236676963949537,53.1908877364953,0,0
"HPCA",0.195740283494639,43.5840108043305,0,0
"RPL37",-0.114471653626474,-25.160877211921,8.68336117483124e-139,1.73667223496625e-135
"NEFH",0.160496581401593,35.5055453933098,1.47246368968308e-272,2.94492737936616e-269
"ANXA6",0.177318806205871,39.3419192200263,0,0
"PCP4",0.208748818528097,46.6082050734711,0,0
"UQCRH",0.159708866540838,35.3267119584904,7.08455891459663e-270,1.41691178291933e-266
"EDIL3",-0.239379866151514,-53.835042710394,0,0
"CALM1",0.199270668790852,44.4023006147709,0,0
"ND1",0.172036698841351,38.1336626704216,1.8886981048555e-313,3.777396209711e-310
"FMNL2",-0.162856317781671,-36.0416902345923,1.12140285796792e-280,2.24280571593585e-277
"COX1",0.406977130041681,97.2868929799366,0,0
"COX2",0.318699246035306,73.4179563485108,0,0
"VGF",0.17235384075632,38.2061105063732,1.2882740006066e-314,2.57654800121321e-311
"ATP6",0.220506623716834,49.3638386090729,0,0
"COX3",0.37488709689817,88.2980905674773,0,0
"ND3",0.128322121729074,28.2533882295903,3.55085555805645e-174,7.10171111611291e-171
"ND4",0.171437904739977,37.9969075589573,2.96325420445078e-311,5.92650840890156e-308
"UBE2QL1",0.147390919495466,32.5389561121529,9.94349007364774e-230,1.98869801472955e-226
"SYP",0.230991700628484,51.8402239996877,0,0
"CYTB",0.24044514013458,54.0892822145376,0,0
"MBP",-0.415533299942019,-99.7538050570102,0,0
"CHGA",0.196764795224695,43.821293925098,0,0
"FKBP1A",0.146744525674001,32.3931064666277,1.02664048454575e-227,2.0532809690915e-224
"GPM6B",-0.186598788143968,-41.4732462316403,0,0
"NAPB",0.209659947833736,46.8209688513695,0,0
"S100B",-0.327722909699777,-75.7429979581086,0,0
"YWHAH",0.286646480043302,65.3323319116274,0,0
"RPS15",-0.105311114795156,-23.1238151771145,1.18785775764344e-117,2.37571551528688e-114
"RPL13",-0.122567621042982,-26.9666030166459,5.71396577454782e-159,1.14279315490956e-155
"TTC9B",0.174881166415296,38.7838920395005,0,0
"SEPTIN2",-0.111793120385436,-24.5645939644204,2.01853344707459e-132,4.03706689414917e-129
"PREPL",0.186221282685991,41.3863249299192,0,0
"DDN",0.123525250628549,27.1805468196067,1.88852621100152e-161,3.77705242200303e-158
"MOAP1",0.204950500982488,45.7225944674349,0,0
"MGST3",0.116524400374088,25.6182262506037,9.02178245936525e-144,1.80435649187305e-140
"TESPA1",0.132868164144319,29.271990234475,1.0677803991837e-186,2.1355607983674e-183
"FABP3",0.172405334771459,38.2178749437655,8.32618663311655e-315,1.66523732662331e-311
"NSF",0.231689347122186,52.0056602902065,0,0
"NSG2",0.171911192288935,38.1049953545915,5.45796707728697e-313,1.09159341545739e-309
"NCS1",0.168521326455754,37.3314242413778,1.12254835860787e-300,2.24509671721573e-297
"CCND1",-0.100839203283571,-22.1315764092018,5.50428740516476e-108,1.10085748103295e-104
"RPL19",-0.10868851274457,-23.8741374202273,3.10028115499393e-125,6.20056230998786e-122
"GSN",-0.245909200500341,-55.3966279251622,0,0
"COX7C",0.140504178816508,30.9872106804085,9.55143924268686e-209,1.91028784853737e-205
"VSTM2A",0.115894711626427,25.4778973998429,3.11611624501849e-142,6.23223249003699e-139
"NRN1",0.191277518012646,42.5521262429112,0,0
"PHGDH",-0.131781657536263,-29.0283754025387,1.15383125739964e-183,2.30766251479928e-180
"BIN1",-0.128881540566343,-28.3786344369624,1.08070648770445e-175,2.16141297540889e-172
"AP2M1",0.169200574459307,37.4863191573667,4.01533041981214e-303,8.03066083962429e-300
"MEG3",0.152756378207776,33.7512608117131,8.40219995982836e-247,1.68043999196567e-243
"DNM1",0.239690449010256,53.9091454175725,0,0
"DDR1",-0.15722000300296,-34.7621231395047,1.71454503032867e-261,3.42909006065733e-258
"LAMP2",-0.285835362671928,-65.1309889852984,0,0
"NGEF",0.177509801180155,39.3856734272898,0,0
"EEF1D",-0.106772943964483,-23.4484740073986,6.64404549451278e-121,1.32880909890256e-117
"CYP46A1",0.139720941174448,30.8110239669463,1.99701485612168e-206,3.99402971224336e-203
"CREG2",0.164988461421691,36.5266708641697,4.04715989147547e-288,8.09431978295094e-285
"CD9",-0.212374586454028,-47.4556408785512,0,0
"MEF2C",0.207722927166635,46.3687942972623,0,0
"TSPAN7",0.225156358624409,50.4597378010658,0,0
"SYT4",0.1788154885401,39.6849110465424,0,0
"PGAM1",0.177690787705175,39.4271390827831,0,0
"CBLN4",0.103278356960336,22.6726098076996,3.32220996446092e-113,6.64441992892185e-110
"CPLX2",0.159496500963731,35.2785108649615,3.72452703854957e-269,7.44905407709913e-266
"AK5",0.126248504049721,27.7893718487561,1.29645499389521e-168,2.59290998779042e-165
"ATP2B1",0.175025819854336,38.8169856136153,0,0
"RPS19",-0.102120991417353,-22.4158414003326,1.03219630480752e-110,2.06439260961504e-107
"SYN1",0.203552921028264,45.3972818646833,0,0
"TSC22D4",-0.224166708438989,-50.2261854526741,0,0
"PRKAR1B",0.220172442004522,49.285212467201,0,0
"STXBP1",0.236552964594502,53.1613677750172,0,0
"TSPYL1",0.214034080257207,47.8441896406831,0,0
"CLSTN1",0.208066715536006,46.4490058270842,0,0
"ATP6V1B2",0.186286850261725,41.4014206167528,0,0
"PVALB",0.129235881197112,28.4579806898522,1.17366689846733e-176,2.34733379693466e-173
"APLP1",-0.122636660649352,-26.9820245735663,3.79095756711119e-159,7.58191513422238e-156
"NREP",0.14953313254378,33.0226220722133,1.8085987476858e-236,3.61719749537159e-233
"MLLT11",0.189372198813123,42.1124154843058,0,0
"STX1A",0.15409677303475,34.0545902404522,3.6271221325767e-251,7.2542442651534e-248
"PTK2B",0.117214114659436,25.771967996331,1.82192049305374e-145,3.64384098610748e-142
"VAMP1",0.114469743843218,25.1604518679668,8.77570422535696e-139,1.75514084507139e-135
"RPL28",-0.125086432329529,-27.529495681725,1.54590687342855e-165,3.0918137468571e-162
"EPHA4",0.144260664634313,31.833051045471,4.61607875870648e-220,9.23215751741296e-217
"SLC1A2",0.135126259545803,29.7786416349952,4.37731453000083e-193,8.75462906000167e-190
"PMP22",-0.319358725363249,-73.5871134941774,0,0
"SEPTIN8",-0.116452102618218,-25.6021127961161,1.35627797704263e-143,2.71255595408525e-140
"YJEFN3",0.120753945381635,26.5616191949824,2.5179479733403e-154,5.0358959466806e-151
"ATP6V1A",0.173378333986261,38.4402293363142,2.12477871650486e-318,4.24955743300973e-315
"THY1",0.239186634859851,53.7889480424535,0,0
"KLC1",0.190717973622868,42.4229427184981,0,0
"AQP4",-0.133039300373435,-29.3103719036528,3.53428691109321e-187,7.06857382218642e-184
"PHYHIP",0.189952481005579,42.2462808502918,0,0
"NEUROD6",0.105305945343872,23.1226673597556,1.21950776254634e-117,2.43901552509269e-114
"EGR3",0.105092102391012,23.075187644945,3.61490494376719e-117,7.22980988753439e-114
"CTXN1",0.176474144941066,39.1484743983703,0,0
"C2orf80",0.101657477484959,22.3130339447281,1.00903689777363e-109,2.01807379554726e-106
"NAP1L5",0.162125171268064,35.8755023583869,3.78862057372648e-278,7.57724114745296e-275
"HINT1",0.136245417627137,30.0299230223059,2.718061307451e-196,5.43612261490199e-193
"PFN2",0.177969342468529,39.4909665810566,0,0
"YWHAB",0.180553923740416,40.0836623700032,0,0
"IDS",0.17070757003586,37.8301693622612,1.37633165092056e-308,2.75266330184111e-305
"PLAAT3",-0.249806201688116,-56.3324594219987,0,0
"SLC30A3",0.157206792160054,34.7591281349781,1.89793553113363e-261,3.79587106226725e-258
"BEX1",0.236143412618466,53.0638871438369,0,0
"RPL13A",-0.111583756184808,-24.5180092551468,6.25404004245105e-132,1.25080800849021e-128
"OXR1",0.154448885045475,34.1343045487085,2.54878130111073e-252,5.09756260222146e-249
"PLEKHB1",-0.264095712651346,-59.7894108777656,0,0
"EEF1A2",0.256031279432665,57.8334405882436,0,0
"GNG3",0.222200992570393,49.7627709564665,0,0
"SNX10",0.171820175014915,38.0842070310904,1.17768583079006e-312,2.35537166158012e-309
"ARPP21",0.136751942086675,30.1436899668272,9.41474904477087e-198,1.88294980895417e-194
"GRIA4",0.106928828900027,23.4831036560353,2.97110255451618e-121,5.94220510903235e-118
"NUAK1",0.125319190109498,27.5815384629423,3.76126757324143e-166,7.52253514648287e-163
"TSC22D1",0.200238042040468,44.6268357067267,0,0
"CABP1",0.228163968570546,51.17053183452,0,0
"MICAL2",0.155211422276915,34.3069803558837,7.93301099008439e-255,1.58660219801688e-251
"FAM3C",0.154344997930312,34.110784257885,5.5830047611687e-252,1.11660095223374e-248
"HIPK2",-0.214646534554655,-47.987697258952,0,0
"YWHAZ",0.182510779830181,40.5329784961697,0,0
"NDRG1",-0.245835536405712,-55.3789658465537,0,0
"NCALD",0.176186917073606,39.0827136658471,0,0
"FBXL16",0.202120120766834,45.0640716067862,0,0
"PSAT1",-0.111468054008642,-24.4922662905421,1.16726697321284e-131,2.33453394642568e-128
"ATP5MC3",0.167957937299879,37.2029911799047,1.17896959789159e-298,2.35793919578319e-295
"KIFAP3",0.123632273628509,27.2044615818916,9.94576789401592e-162,1.98915357880318e-158
"NRXN1",0.162106033214251,35.8711531402814,4.41073049034106e-278,8.82146098068211e-275
"NDFIP1",0.189441267160643,42.1283464667066,0,0
"COX5B",0.122978312537147,27.0583461050585,4.95952173971766e-160,9.91904347943533e-157
"INA",0.181444434491484,40.2880722526694,0,0
"PIN1",0.16450050017716,36.4156322861187,2.08672344800798e-286,4.17344689601597e-283
"GOT1",0.185077138728443,41.1229995497351,0,0
"TPPP3",-0.236723056654091,-53.2018615185225,0,0
"SNAP91",0.159224041432868,35.216677470182,3.12111611782429e-268,6.24223223564859e-265
"DKK3",0.174149596993804,38.6165644298289,2.90510599754653e-321,5.81021199509306e-318
"NELL2",0.199602699101854,44.4793522374587,0,0
"ATP5MD",0.176067132227565,39.0552920072707,0,0
"COX7B",0.142516984573964,31.4402577756411,9.02424104206514e-215,1.80484820841303e-211
"BEX5",0.196435642088382,43.7450438293434,0,0
"SV2A",0.192227596631973,42.7715721710746,0,0
"PSD",0.136279125685097,30.0374932089281,2.17392170911019e-196,4.34784341822038e-193
"CALY",0.197530090248296,43.9986382691633,0,0
"SST",0.119423168533412,26.2646359683481,5.80005217380173e-151,1.16001043476035e-147
"SCN1A",0.136273368107965,30.0362001594395,2.25848169127377e-196,4.51696338254753e-193
"TPI1",0.178581025437633,39.6311608568507,0,0
"BTBD8",0.139343618976349,30.7261676630179,2.59048095327304e-205,5.18096190654608e-202
"SCN3B",0.120692181845997,26.54783251383,3.61365735698897e-154,7.22731471397794e-151
"NAP1L2",0.179447924949502,39.8299306661312,0,0
"SLC44A1",-0.258762888912306,-58.4944979094231,0,0
"HSPA8",0.212271276673526,47.4314665051856,0,0
"CDK14",0.136494610489634,30.0858894973354,5.20557339328901e-197,1.0411146786578e-193
"SEZ6L",0.111947638238817,24.598977177883,8.74915032968403e-133,1.74983006593681e-129
"SSBP3",0.113679214454373,24.984410607984,6.8899912837582e-137,1.37799825675164e-133
"SH3GL2",0.162769769797539,36.0220149055383,2.237271724813e-280,4.47454344962601e-277
"GPRC5B",-0.260978858365417,-59.0318728759869,0,0
"PPFIA2",0.114312854978503,25.1255107891396,2.09132150620574e-138,4.18264301241148e-135
"HAPLN4",0.113931416837046,25.0405677655617,1.71845023681233e-137,3.43690047362466e-134
"C11orf87",0.163289737928793,36.1402343857902,3.50826871140462e-282,7.01653742280925e-279
"ATP5MF",0.14381815332132,31.7333394129364,1.03132454663052e-218,2.06264909326104e-215
"CEND1",0.167422347208069,37.0809301182052,9.69245092691347e-297,1.93849018538269e-293
"ZBTB18",0.13281605805051,29.2603046419046,1.49470751058128e-186,2.98941502116255e-183
"MID1IP1",-0.141058157639372,-31.1118621937219,2.14188653300666e-210,4.28377306601332e-207
"MAP2K1",0.134382120070192,29.6116264355447,5.73308646988049e-191,1.1466172939761e-187
"COX6A1",0.116882263635121,25.697991565765,1.19462480747231e-144,2.38924961494462e-141
"LY6H",0.151293843338091,33.4205087764909,4.37990348012734e-242,8.75980696025468e-239
"ZEB2",-0.130950997054298,-28.8421978589893,2.31257019208984e-181,4.62514038417968e-178
"NRSN1",0.140577574664349,31.0037238689527,5.7802465104266e-209,1.15604930208532e-205
"SV2B",0.166160076578492,36.7933918445715,2.97831234797417e-292,5.95662469594834e-289
"PCDH7",0.131704664238592,29.0111161353067,1.88860308370812e-183,3.77720616741625e-180
"HEPACAM",-0.167221280235395,-37.035115652354,5.05421827417917e-296,1.01084365483583e-292
"CRYM",0.178614146626878,39.6387533989397,0,0
"PNCK",0.102632170040191,22.5292380015428,8.25059237186097e-112,1.65011847437219e-108
"ELAVL4",0.156058419560008,34.4988557347883,1.2580853927729e-257,2.51617078554581e-254
"ATP5F1B",0.19238531610121,42.8080137442514,0,0
"ARF5",0.122078741899042,26.8574121653846,1.03697116921009e-157,2.07394233842018e-154
"NELL1",0.126310855936604,27.803318988182,8.8483312675086e-169,1.76966625350172e-165
"SARAF",0.122471312259395,26.9450909363866,1.01235967292849e-158,2.02471934585698e-155
"NSG1",0.145064961989526,32.0143343701501,1.58890677959692e-222,3.17781355919383e-219
"TMEM59L",0.208792682985623,46.6184452376103,0,0
"PCLO",0.118641422882729,26.0902445273533,5.25764905396326e-149,1.05152981079265e-145
"CALM3",0.247365160153919,55.7459263958608,0,0
"PKP4",-0.145899872284964,-32.202586232984,4.25685113397736e-225,8.51370226795473e-222
"RAB6B",0.199632944098375,44.4863717447514,0,0
"ACOT7",0.170695649649052,37.82744842605,1.5210820681372e-308,3.04216413627441e-305
"PRDX5",0.140314466636582,30.9445301210827,3.49397423329422e-208,6.98794846658845e-205
"ALDOC",0.125909306704415,27.7135045795114,1.03219745178366e-167,2.06439490356731e-164
"GABRB2",0.185450355382197,41.2088764834485,0,0
"RAB3C",0.163758616990086,36.2468648290888,8.17675349477277e-284,1.63535069895455e-280
"C1QTNF4",0.161786271060408,35.7984917428035,5.57864469158844e-277,1.11572893831769e-273
"DYNC1I2",-0.110291342324837,-24.2305128611234,6.41314483601726e-129,1.28262896720345e-125
"LDHA",0.136204495638147,30.0207328672441,3.56454130456555e-196,7.1290826091311e-193
"FBXW7",0.168560138547374,37.3402734282497,8.14129917936416e-301,1.62825983587283e-297
"GNAS",0.196778068624519,43.8243691027188,0,0
"PI4KA",0.208565293193086,46.5653642452985,0,0
"LHPP",-0.25877426285796,-58.4972535663313,0,0
"COX4I1",0.114325582220291,25.1283452313131,1.9491534338254e-138,3.8983068676508e-135
"ABCA2",-0.221951373083262,-49.7039693708066,0,0
"UGP2",0.128585289080764,28.3123043677154,6.88199698113515e-175,1.37639939622703e-171
"PNMA2",0.186434005181841,41.435302324001,0,0
"KCNA2",0.146330625974446,32.2997381251392,1.97744447154841e-226,3.95488894309682e-223
"PRNP",0.117707570619316,25.8819856898407,1.10083274023855e-146,2.20166548047711e-143
"EPHB6",0.148028979353205,32.6829671131645,1.00132165932516e-231,2.00264331865033e-228
"MYO5A",0.153859974887887,34.0009892061682,2.15560244860925e-250,4.31120489721849e-247
"GABRG2",0.164830332051649,36.490684539542,1.45422268539942e-287,2.90844537079884e-284
"SCRT1",0.123090061894601,27.0833118853159,2.54667783949291e-160,5.09335567898583e-157
"CELF4",0.153457508973585,33.9099017920508,4.42817048740514e-249,8.85634097481027e-246
"ARHGDIG",0.175111016403092,38.8364779521232,0,0
"RNF130",-0.155255577046859,-34.3169810814374,5.67387847452351e-255,1.1347756949047e-251
"NPTN",0.215248032667165,48.1286954305566,0,0
"MAP1A",0.133722544739863,29.4636335341647,4.21562699226387e-189,8.43125398452774e-186
"DPP6",0.129678277962975,28.5570606091529,7.27692344194461e-178,1.45538468838892e-174
"SHTN1",-0.181870954807764,-40.3860129671248,0,0
"PKM",0.182220456316004,40.4662856303164,0,0
"CAMK2B",0.171524099450576,38.0165903917666,1.43290448856443e-311,2.86580897712886e-308
"COX7A2",0.132367275185149,29.1596683977247,2.69291920596198e-185,5.38583841192395e-182
"ARL6IP1",0.143345709709364,31.626904550188,2.81200612251846e-217,5.62401224503692e-214
"PPP3R1",0.158968607230553,35.1587153914729,2.28219122272525e-267,4.56438244545051e-264
"PAQR8",-0.124544942643175,-27.4084407625907,4.0992409691186e-164,8.19848193823719e-161
"NDUFB1",0.141834660101227,31.2866342677369,1.01787408890766e-212,2.03574817781531e-209
"ATP1A3",0.220639222010573,49.3950413449841,0,0
"LGALS3BP",-0.144380357208605,-31.8600248726834,1.98891044771022e-220,3.97782089542045e-217
"PRKCB",0.173951449865521,38.5712547544207,1.58792698573377e-320,3.17585397146753e-317
"SPOCK3",-0.147769675940192,-32.6244369490219,6.5044763972984e-231,1.30089527945968e-227
"TUBB4B",0.12741576646342,28.0505258595075,9.84223619551426e-172,1.96844723910285e-168
"CLTC",0.154617434889802,34.1724671035789,7.13388911779629e-253,1.42677782355926e-249
"PINK1",0.144964269182075,31.9916353328813,3.23781827999054e-222,6.47563655998108e-219
"FXYD6",0.163174706315535,36.1140782416167,8.80742834814561e-282,1.76148566962912e-278
"RAPGEF5",-0.122408849921776,-26.9311394048861,1.46665801560705e-158,2.9333160312141e-155
"GHITM",0.178794936405781,39.6801992324009,0,0
"CHGB",0.181302867642558,40.2555698372543,0,0
"RAB3A",0.239893118755689,53.9575103432439,0,0
"KCNC2",0.151265183967286,33.4140297161046,5.4128366972385e-242,1.0825673394477e-238
"PAK1",0.179876906741881,39.9283265456343,0,0
"MTCH1",0.141396260134406,31.1879537315619,2.09365963753e-211,4.18731927506e-208
"GUCY1B1",0.160157908533753,35.4286486133383,2.10362362654695e-271,4.2072472530939e-268
"PTPRN",0.1845157741753,40.9938645791896,0,0
"LMO3",0.121489688052547,26.725873709107,3.35484501529643e-156,6.70969003059286e-153
"SATB1",0.123801179840313,27.2422063830258,3.61095974690343e-162,7.22191949380686e-159
"DBNDD1",0.115464614963297,25.3820664133212,3.46280089388006e-141,6.92560178776011e-138
"ATP5IF1",0.151045528339037,33.3643747510046,2.73928755297489e-241,5.47857510594978e-238
"C1orf115",0.122672804723735,26.9900983283086,3.0578857497721e-159,6.11577149954419e-156
"COX8A",0.134064375850243,29.5403272551792,4.55753878591196e-190,9.11507757182392e-187
"CA10",0.107291470872074,23.5636709109554,4.54793423495523e-122,9.09586846991047e-119
"C9orf16",0.167992501800415,37.2108695979198,8.86543156911238e-299,1.77308631382248e-295
"ITM2C",0.104325368532692,22.9049756969653,1.74625295593914e-115,3.49250591187828e-112
"FEZ1",-0.164147687551201,-36.3353647287152,3.58258704495178e-285,7.16517408990355e-282
"PPP3CB",0.159460159517182,35.2702628687509,4.94665076390519e-269,9.89330152781038e-266
"GRIN1",0.20968697280038,46.8272815732754,0,0
"H3-3B",-0.115797216155752,-25.4561729023891,5.38307659709729e-142,1.07661531941946e-138
"BNIP3",0.125548435323796,27.6328003852419,9.32396508204762e-167,1.86479301640952e-163
"NDUFA3",0.107316095933702,23.5691421435523,4.00279057047648e-122,8.00558114095296e-119
"NPTX2",0.109279070321679,24.0054207643637,1.38142246068674e-126,2.76284492137348e-123
"SLC39A10",0.156879125787064,34.6848496460718,2.353148978975e-260,4.70629795795e-257
"GABBR2",0.189482339264009,42.1378202737334,0,0
"CAMKK1",0.120172923221183,26.4319374324334,7.47791281408218e-153,1.49558256281644e-149
"VSTM2L",0.151009730210279,33.3562827684628,3.56701193985067e-241,7.13402387970135e-238
"KIF3C",0.165073904002602,36.5461166822458,2.0266182123474e-288,4.05323642469481e-285
"SOD1",0.103715448009179,22.7696052043779,3.73882887324558e-114,7.47765774649117e-111
"RNH1",-0.112758598020425,-24.7794611171988,1.06672146381306e-134,2.13344292762612e-131
"SYNJ1",0.133962489909565,29.517466856636,8.85037739485068e-190,1.77007547897014e-186
"GOLGA7",-0.10896949168453,-23.9365969789649,7.07148564000924e-126,1.41429712800185e-122
"PGK1",0.157593441698187,34.8467926227469,9.66091643154084e-263,1.93218328630817e-259
"TRIM37",0.145302262815472,32.0678327803405,2.96235431356378e-223,5.92470862712755e-220
"SNX3",0.107274432316386,23.5598852851436,4.96791791691747e-122,9.93583583383493e-119
"SLC22A17",0.16857358722572,37.3433397790015,7.28356623960507e-301,1.45671324792101e-297
"BEX3",0.155959072898798,34.4763461104669,2.68487844868368e-257,5.36975689736736e-254
"COX7A1",0.141045838706252,31.109089970468,2.33101415121367e-210,4.66202830242733e-207
"PRKCG",0.112331186543258,24.6843319152472,1.09276921820071e-133,2.18553843640141e-130
"NUDT4",0.177031770203295,39.2761720213772,0,0
"GLS",0.14688789242012,32.4254514826732,3.67744893622601e-228,7.35489787245202e-225
"SLC48A1",-0.155506319320793,-34.3737763320238,8.44257903234431e-256,1.68851580646886e-252
"FKBP8",0.10369650595354,22.7654014741763,4.1108650329939e-114,8.22173006598781e-111
"ATP2B2",0.209314166639504,46.7402082336646,0,0
"KIF5A",0.132529981531443,29.1961519818949,9.45123139403605e-186,1.89024627880721e-182
"NPTXR",0.195708041432351,43.5765457608536,0,0
"ALDOA",0.150410279818149,33.2208000212502,2.93912654716504e-239,5.87825309433007e-236
"SLC6A17",0.145641360014203,32.1442905418166,2.67361949403807e-224,5.34723898807614e-221
"SREBF1",-0.103293076091953,-22.6758759314289,3.08706688254575e-113,6.17413376509149e-110
"SEZ6L2",0.167573797791097,37.1154422979912,2.78995623463306e-297,5.57991246926613e-294
"KCNJ10",-0.130253644048129,-28.6859465184892,1.92760605365337e-179,3.85521210730673e-176
"SNN",0.131040574133036,28.8622719625761,1.30791380550547e-181,2.61582761101094e-178
"R3HDM1",0.114709004160989,25.2137417557193,2.32870519819198e-139,4.65741039638396e-136
"STMN3",0.192553099417703,42.8467843822919,0,0
"ATP5MPL",0.144538424321386,31.8956489453194,6.53492165686216e-221,1.30698433137243e-217
"CADPS",0.130892881983782,28.8291747338214,3.34643734513436e-181,6.69287469026872e-178
"AMER2",-0.199274463416176,-44.4031811131459,0,0
"BMERB1",0.158718867581477,35.1020525004726,1.59119363655476e-266,3.18238727310952e-263
"CTNNA1",-0.112412036011455,-24.7023255589396,7.04184844156936e-134,1.40836968831387e-130
"ELAVL2",0.114696171037848,25.2108833516302,2.50063011686616e-139,5.00126023373233e-136
"CAMK4",0.103142619419795,22.6424908324008,6.53448145439624e-113,1.30689629087925e-109
"TOLLIP",0.165775284894701,36.7057754925543,6.83638422461307e-291,1.36727684492261e-287
"AATK",-0.136931126590744,-30.1839411193686,2.85644530414091e-198,5.71289060828182e-195
"SLC25A4",0.152023032339007,33.5853865269805,1.97498079010877e-244,3.94996158021754e-241
"CACNG3",0.139425153329619,30.7445028343706,1.48984282291945e-205,2.9796856458389e-202
"PPP2R1A",0.156650285630854,34.632980977523,1.3609177711164e-259,2.7218355422328e-256
"PJA2",0.129917807027125,28.6107131729249,1.60818449574294e-178,3.21636899148587e-175
"PNMA8B",0.140609192979968,31.0108377727554,4.65526692513608e-209,9.31053385027216e-206
"LDHB",0.161316507328803,35.691765615766,2.29803001027921e-275,4.59606002055841e-272
"BSN",0.156554887280265,34.6113597772498,2.82633845156629e-259,5.65267690313257e-256
"CNTNAP2",0.130977057260419,28.8480378421838,1.95931574953209e-181,3.91863149906418e-178
"WNK1",-0.120002187298243,-26.3938351204059,2.01912673175276e-152,4.03825346350552e-149
"OLIG1",-0.224913728407358,-50.4024631311527,0,0
"OAZ1",0.134553164734105,29.6500112961833,1.8741882075715e-191,3.748376415143e-188
"CBLN2",0.100032391070218,21.9527050698735,2.74915154095162e-106,5.49830308190324e-103
"SCG5",0.174370582487418,38.6671021880785,4.34777768340297e-322,8.69555536680594e-319
"BEX2",0.164565951868639,36.4305246227036,1.23054511655791e-286,2.46109023311582e-283
"ATP5F1A",0.170996102125037,37.8960346461057,1.2204910994148e-309,2.4409821988296e-306
"GABARAPL1",0.174735887006493,38.7506578645506,1.97626258336499e-323,3.95252516672997e-320
"SLC25A22",0.12673474156888,27.8981444435692,6.55868903969974e-170,1.31173780793995e-166
"SYNGR1",0.150914331896417,33.3347191268911,7.20678278110614e-241,1.44135655622123e-237
"SUN2",-0.229555354225554,-51.4998818339304,0,0
"EPDR1",0.118923528552187,26.1531708304247,1.0374497801137e-149,2.07489956022741e-146
"SULT4A1",0.168401148724917,37.3040247591016,3.03369925160475e-300,6.06739850320951e-297
"CBR1",-0.200164077227397,-44.6096630895666,0,0
"CAMK2G",0.109373259989545,24.0263618845178,8.39747963293901e-127,1.6794959265878e-123
"NRCAM",0.153879398928462,34.0053857571958,1.86262530536497e-250,3.72525061072994e-247
"RCAN2",0.110718982750329,24.3256272697894,6.52788154209935e-130,1.30557630841987e-126
"CFL2",-0.15358803336356,-33.9394406067632,1.66306429868465e-249,3.3261285973693e-246
"KIF21A",0.107362326607734,23.579413861585,3.14937570165057e-122,6.29875140330115e-119
"WSB2",0.159125107902511,35.1942270200602,6.74744542327802e-268,1.3494890846556e-264
"CHL1",0.151625462576975,33.4954846373111,3.76757013689028e-243,7.53514027378056e-240
"NAP1L3",0.156221544860188,34.5358184314546,3.61967504990738e-258,7.23935009981475e-255
"ATP6V1G2",0.187926678096691,41.7791467803294,0,0
"CAP2",0.169745845331653,37.6107018636426,4.28804538159678e-305,8.57609076319356e-302
"ARF3",0.15596296627829,34.4772282387882,2.60631499616878e-257,5.21262999233757e-254
"GDI1",0.109392481269736,24.0306354181799,7.58595499535448e-127,1.5171909990709e-123
"STX1B",0.160825349408219,35.5802055547399,1.10775763270746e-273,2.21551526541491e-270
"SLC12A5",0.184628541226381,41.0198019056435,0,0
"VDAC1",0.157091241186479,34.7329326136356,4.61454499232702e-261,9.22908998465404e-258
"TMEM160",0.129558483875883,28.5302296152839,1.54655873401082e-177,3.09311746802163e-174
"PCMT1",0.153406986142252,33.8984685200861,6.46773180445845e-249,1.29354636089169e-245
"MORF4L1",0.143860675537937,31.7429201524528,7.65493467229079e-219,1.53098693445816e-215
"JPH4",0.108129912651077,23.7499818975572,5.78747106207695e-124,1.15749421241539e-120
"PREX1",-0.206033552030407,-45.9748952942728,0,0
"SYNGR3",0.164895393942106,36.5054906625537,8.59306272019188e-288,1.71861254403838e-284
"DYNC1I1",0.119712384958204,26.329166768224,1.08627626454804e-151,2.17255252909609e-148
"ATP5F1D",0.126409788081093,27.825449244937,4.82464330863213e-169,9.64928661726425e-166
"SCG2",0.144537054598045,31.895340235839,6.59829019697027e-221,1.31965803939405e-217
"SPTAN1",0.168207612084116,37.2599036784023,1.50181112594907e-299,3.00362225189814e-296
"LINGO1",0.165607467903131,36.6675692764511,2.67477016656111e-290,5.34954033312222e-287
"TLE5",0.120880548986204,26.5898802709947,1.19997792103566e-154,2.39995584207132e-151
"LZTS3",0.142250382527046,31.3802276139572,5.73468933775677e-214,1.14693786755135e-210
"APLP2",0.150828178088018,33.3152459136048,1.35958657614766e-240,2.71917315229532e-237
"PRRT2",0.111114567725118,24.4136241863586,7.82280720556428e-131,1.56456144111286e-127
"EHD3",0.129620172780568,28.5440462872502,1.0490558863448e-177,2.09811177268961e-174
"COX5A",0.141643910939158,31.2436957604787,3.7983556906733e-212,7.59671138134661e-209
"PLD3",0.171307774861671,37.9671936955571,8.86840097848242e-311,1.77368019569648e-307
"LAMP1",-0.104218395621063,-22.8812314142599,2.99266556491554e-115,5.98533112983108e-112
"HK1",0.145631964665275,32.1421719747238,2.85808206990569e-224,5.71616413981138e-221
"GPI",0.171065906612699,37.9119709238837,6.78728855566778e-310,1.35745771113356e-306
"KIAA0930",-0.116269866886579,-25.5614986051902,3.7856669707568e-143,7.5713339415136e-140
"FAIM2",0.127530688902782,28.0762440794469,4.83446886772918e-172,9.66893773545835e-169
"CHCHD10",0.173003327505924,38.3545173747356,5.18432172989103e-317,1.03686434597821e-313
"ATP2A2",0.17119257242256,37.9408900728736,2.33878684298058e-310,4.67757368596115e-307
"VAMP2",0.162289655988325,35.9128840456388,1.02481090372564e-278,2.04962180745128e-275
"RGCC",-0.124804147617706,-27.4663852691874,8.55211213515253e-165,1.71042242703051e-161
"MRTFB",0.124627618023268,27.4269219799685,2.48753667881107e-164,4.97507335762213e-161
"FXYD7",0.166604876674581,36.8946935417915,7.88385762494856e-294,1.57677152498971e-290
"PLPPR4",0.100893822807907,22.1436872203538,4.219054526311e-108,8.43810905262201e-105
"G3BP2",0.144890213734779,31.9749417660638,5.46361446608215e-222,1.09272289321643e-218
"CADM3",0.153890775057712,34.0079607156214,1.70987623936303e-250,3.41975247872606e-247
"USP11",0.13821735024383,30.4729611596741,5.21200962336476e-202,1.04240192467295e-198
"RTL8C",0.124330389925814,27.3604824484381,1.49617608283172e-163,2.99235216566344e-160
"ATP6V0A1",0.137896630784617,30.4008794560683,4.49437864447297e-201,8.98875728894595e-198
"PNMA8A",0.142125725343145,31.3521612387885,1.3598312756627e-213,2.71966255132539e-210
"ATL1",0.136738678536337,30.1407106260362,1.02830705179478e-197,2.05661410358956e-194
"PGM2L1",0.138019322691054,30.4284533113393,1.9724017144375e-201,3.944803428875e-198
"BAIAP2",0.113164040006054,24.8697134331496,1.16382283861372e-135,2.32764567722744e-132
"RBFOX1",0.180672873820362,40.1109605353295,0,0
"CBX6",0.111681074768612,24.53966277445,3.6981846934417e-132,7.39636938688341e-129
"ATP6AP2",0.122490039190693,26.9492738302325,9.05837968996905e-159,1.81167593799381e-155
"FAM131A",0.143414287256383,31.6423527299299,1.74154030956252e-217,3.48308061912504e-214
"RIMS3",0.139659687985607,30.7972477565272,3.02882429575012e-206,6.05764859150025e-203
"HSPH1",0.149840544642672,33.0920680088335,1.91329544496213e-237,3.82659088992426e-234
"NORAD",0.14896925563231,32.8952648924837,1.09988587069921e-234,2.19977174139842e-231
"ISCU",0.139280607403045,30.7119982687694,3.97139734003056e-205,7.94279468006111e-202
"NDUFB8",0.103799878422212,22.7883427931156,2.44913235981939e-114,4.89826471963878e-111
"CTNNA2",0.122384706527434,26.9257468451274,1.69252392869531e-158,3.38504785739063e-155
"CDK5R1",0.151911194434541,33.5600950945175,4.53029382311375e-244,9.06058764622749e-241
"EVL",0.105331806748391,23.1284096069533,1.06917043769099e-117,2.13834087538198e-114
"TMEM130",0.177288276447699,39.3349257162137,0,0
"SUB1",0.114045769269681,25.0660318984533,9.14618356652742e-138,1.82923671330548e-134
"RNF11",0.14142393841721,31.1941833504949,1.73030088445515e-211,3.4606017689103e-208
"FRRS1L",0.127538758445854,28.0780499865167,4.59895065706173e-172,9.19790131412347e-169
"PDE2A",0.11064131625308,24.3083519222222,9.89193897716686e-130,1.97838779543337e-126
"ANKRD40",-0.129162284165916,-28.4414994540344,1.86220485690956e-176,3.72440971381913e-173
"CRACDL",0.108262870984682,23.7795314017308,2.88768417201493e-124,5.77536834402986e-121
"GNAO1",0.128550408453827,28.3044951780254,8.55564246013767e-175,1.71112849202753e-171
"NCKAP1",0.143601174172098,31.6844543336682,4.71349386860842e-218,9.42698773721685e-215
"BCL11A",0.107450451302781,23.5989941912069,1.9933780077887e-122,3.9867560155774e-119
"DIRAS1",0.150710420692575,33.2886306463398,3.23539986517328e-240,6.47079973034655e-237
"KCNF1",0.111903920870169,24.589249033915,1.10851205661179e-132,2.21702411322357e-129
"SCG3",0.136052018629428,29.9864913508824,9.78141392672464e-196,1.95628278534493e-192
"MAPK8IP2",0.147756420499148,32.6214451056586,7.15672040342568e-231,1.43134408068514e-227
"PRDX2",0.137418207118063,30.2933718389283,1.1072153582979e-199,2.21443071659579e-196
"REEP2",0.148303942972433,32.7450396394905,1.37161942832359e-232,2.74323885664717e-229
"DLGAP1",0.17293673338035,38.3392983352195,9.13548327543849e-317,1.8270966550877e-313
"KCNIP4",0.140813565177318,31.0568224491017,1.14765993462721e-209,2.29531986925441e-206
"LDB2",0.1353834953199,29.8363877395693,8.06346871185579e-194,1.61269374237116e-190
"INPP5F",0.147485878425121,32.5603858401521,5.02239863229813e-230,1.00447972645963e-226
"GRIN2B",0.103560591709616,22.7352393356651,8.11544688282327e-114,1.62308937656465e-110
"ADCY1",0.130912313254271,28.8335290933637,2.95753861676738e-181,5.91507723353476e-178
"ATP6V0D1",0.127142125741297,27.9892930723625,5.33444336578421e-171,1.06688867315684e-167
"DYNLL2",0.109449704850076,24.0433582961299,5.60477636306459e-127,1.12095527261292e-123
"DGKZ",0.133876959385961,29.4982768991074,1.54436296944211e-189,3.08872593888422e-186
"B4GAT1",0.16763644626282,37.1297192652778,1.66619607898605e-297,3.33239215797209e-294
"DLG4",0.109226717225243,23.9937814216291,1.82138388768245e-126,3.6427677753649e-123
"CNTN1",0.134869002717549,29.7208969381007,2.36868632712791e-192,4.73737265425582e-189
"CYCS",0.144237043399496,31.8277279506461,5.4500218344853e-220,1.09000436689706e-216
"GAD1",0.118747030827621,26.113800614008,2.86508415246153e-149,5.73016830492306e-146
"WASF1",0.140602524871275,31.0093374860547,4.87271275792665e-209,9.74542551585331e-206
"CA11",0.127235860378329,28.0102674093317,2.99119522006222e-171,5.98239044012445e-168
"TMOD2",0.138576671489902,30.5537302252298,4.63497424894329e-203,9.26994849788657e-200
"PSD3",0.105833605396715,23.2398380170622,8.27093083517674e-119,1.65418616703535e-115
"SYNPR",0.11689397742133,25.7006026613146,1.11800490303341e-144,2.23600980606683e-141
"UQCR10",0.128473977627532,28.287383966199,1.37820313780017e-174,2.75640627560035e-171
"SECISBP2L",-0.110006313111879,-24.1671251492718,2.92601277544115e-128,5.8520255508823e-125
"SIRT2",-0.176491772369437,-39.1525105286911,0,0
"PTMS",0.12329678376791,27.1294981114534,7.4094713392594e-161,1.48189426785188e-157
"NNAT",0.122195746850028,26.8835433385136,5.18749667743081e-158,1.03749933548616e-154
"PLCB1",0.158544924555044,35.0625910261447,6.14194903200595e-266,1.22838980640119e-262
"CAMKK2",0.143552930102668,31.6735856509322,6.60598638388835e-218,1.32119727677767e-214
"PACSIN1",0.164359952257539,36.3836548452478,6.4814577799519e-286,1.29629155599038e-282
"ITPR1",0.140839339564173,31.0626220911741,9.61731069874667e-210,1.92346213974933e-206
"CAMK2N2",0.100307430425591,22.0136767276523,7.27352173117669e-107,1.45470434623534e-103
"CAMKV",0.12319219844929,27.1061309966343,1.38411436598951e-160,2.76822873197902e-157
"PEG3",0.123803511772253,27.2427275074273,3.56076599626612e-162,7.12153199253224e-159
"MAP1LC3A",0.109314028366873,24.0131928846488,1.14845883115358e-126,2.29691766230716e-123
"SCN2A",0.151487620733663,33.4643185427559,1.04521612046753e-242,2.09043224093505e-239
"NDUFS5",0.129774207663933,28.5785474715601,3.97676300722335e-178,7.9535260144467e-175
"DMTN",0.172363769308247,38.2083787803362,1.18430476678563e-314,2.36860953357125e-311
"MAPK1",0.123129005047091,27.0920123706839,2.01853162054751e-160,4.03706324109502e-157
"LPCAT4",0.126104589598776,27.7571817201299,3.12852987001111e-168,6.25705974002222e-165
"NLK",0.1205975837461,26.5267172009291,6.28200503762943e-154,1.25640100752589e-150
"FGF12",0.146867536681635,32.4208588910348,4.25481616058494e-228,8.50963232116988e-225
"ATP5PF",0.111689439923263,24.5415240662727,3.53481151931982e-132,7.06962303863963e-129
"SLC8A2",0.107116584693091,23.5248157027012,1.12526235921076e-121,2.25052471842152e-118
"KCNV1",0.135976846311243,29.9696108236218,1.60822951512565e-195,3.2164590302513e-192
"IQSEC1",0.117615172841819,25.8613838126736,1.8635366244734e-146,3.7270732489468e-143
"RUNDC3A",0.170877549284211,37.8689705267017,3.30436744942477e-309,6.60873489884954e-306
"RHBDD2",0.142972812288577,31.5429116286051,3.79032173330678e-216,7.58064346661357e-213
"COX6B1",0.113066869384821,24.848081885158,1.98064475314916e-135,3.96128950629833e-132
"PHF24",0.120454799999754,26.4948477222659,1.44613853159342e-153,2.89227706318684e-150
"RASGRF1",0.123210543545903,27.1102297080555,1.24046939927347e-160,2.48093879854695e-157
"CLSTN3",0.150121402458203,33.1555237812249,2.44715890286261e-238,4.89431780572521e-235
"CCDC85B",0.126604320311162,27.8689668674147,1.46192376401781e-169,2.92384752803562e-166
"SELENOH",0.134498757005439,29.6378011337858,2.67509691000075e-191,5.3501938200015e-188
"MFSD4A",0.135627875891899,29.8912537103588,1.61143146564338e-194,3.22286293128677e-191
"GABRB3",0.121825910279276,26.8009501716117,4.62127877463297e-157,9.24255754926594e-154
"MPPED1",0.148471284130049,32.7828203948098,4.08312073154765e-233,8.16624146309529e-230
"PDP1",0.151528289823869,33.4735136320274,7.73577326441606e-243,1.54715465288321e-239
"NA2",0.134459590604473,29.6290115935263,3.4557164406563e-191,6.9114328813126e-188
"SLC25A3",0.133501373087324,29.4140168504859,1.77259697085754e-188,3.54519394171509e-185
"SLC8A1",0.104190650457096,22.8750730796233,3.44109990081651e-115,6.88219980163302e-112
"IPO13",-0.101288959179657,-22.2313070138985,6.13559333245619e-109,1.22711866649124e-105
"NDUFAB1",0.129409961750014,28.4969659957984,3.9343268598118e-177,7.8686537196236e-174
"NAPA",0.145416796042831,32.0936558065723,1.31558325543306e-223,2.63116651086611e-220
"ATP6V1E1",0.134259061525419,29.5840120114716,1.2803884181517e-190,2.56077683630339e-187
"KCNAB2",0.145232172748862,32.0520307003459,4.86656633426669e-223,9.73313266853339e-220
"SERPINF1",0.106619915499373,23.4144806214801,1.46230296397757e-120,2.92460592795515e-117
"ELMOD1",0.143565664230189,31.6764544410837,6.04294514922039e-218,1.20858902984408e-214
"ACTR3B",0.100719207811097,22.1049704701058,9.86717625842366e-108,1.97343525168473e-104
"SUCLA2",0.105846605970995,23.2427251369704,7.7390271000571e-119,1.54780542001142e-115
"PACS2",-0.125499185720309,-27.6217872164923,1.25842909520521e-166,2.51685819041042e-163
"DYNLT3",0.102600887489231,22.5222979629902,9.63374625756757e-112,1.92674925151351e-108
"HPRT1",0.146656483722401,32.373244328775,1.92754576562347e-227,3.85509153124695e-224
"NDUFC1",0.105929060439701,23.261036604029,5.07587042594848e-119,1.0151740851897e-115
"PRKAR1A",0.119528162217385,26.2880616756963,3.1589356413393e-151,6.3178712826786e-148
"HSPA12A",0.122327065959054,26.9128727037392,2.38229726697408e-158,4.76459453394816e-155
"SEPTIN3",0.150480826651529,33.2367424748996,1.75047379820303e-239,3.50094759640607e-236
"PLEKHB2",0.104156657161804,22.8675279792939,4.08290916693084e-115,8.16581833386167e-112
"ATP13A2",0.124832998747218,27.4728352070749,7.18166208446281e-165,1.43633241689256e-161
"NDUFA5",0.134415424716868,29.6191002615402,4.61201476631231e-191,9.22402953262462e-188
"GLRB",0.133422265316651,29.3962712451896,2.9610814851907e-188,5.92216297038141e-185
"ITFG1",0.140849053746056,31.0648079514695,8.99745592213669e-210,1.79949118442734e-206
"KLHDC3",0.147496030207495,32.5626768843547,4.66861215552312e-230,9.33722431104625e-227
"RTN4R",0.144608523802136,31.9114482795108,3.98747072715723e-221,7.97494145431446e-218
"CNKSR2",0.128130975597354,28.2105995235198,1.16676936788139e-173,2.33353873576278e-170
"KIAA1549L",0.134100377793017,29.5484053274823,3.60435921001784e-190,7.20871842003568e-187
"SYT5",0.136926310487495,30.1828592134313,2.94956107087678e-198,5.89912214175356e-195
"CYFIP2",0.154465608555669,34.1380908996922,2.24642300613173e-252,4.49284601226346e-249
"AP1S1",0.112437777458629,24.7080546115724,6.12203215838082e-134,1.22440643167616e-130
"SYT13",0.131378515430139,28.9380106352403,1.51781846793038e-182,3.03563693586075e-179
"OXCT1",0.106430901624377,23.3724958435227,3.86826266640132e-120,7.73652533280264e-117
"PAFAH1B1",0.118598828654027,26.0807440442399,6.71524099383323e-149,1.34304819876665e-145
"PHACTR1",0.136978924819632,30.1946787955655,2.07746189929953e-198,4.15492379859907e-195
"SLC9A6",0.108039209127466,23.7298241106443,9.29507832641912e-124,1.85901566528382e-120
"CCND2",0.111142061202204,24.4197404797104,6.74837392610887e-131,1.34967478522177e-127
"TCEAL6",0.118419038136536,26.0406440514301,1.88450282253108e-148,3.76900564506217e-145
"NAT8L",0.129379478322886,28.4901390447968,4.76473523917268e-177,9.52947047834535e-174
"PGP",0.113888538710118,25.0310198743031,2.17653783082104e-137,4.35307566164208e-134
"ATP5MG",0.107702755652748,23.655056532371,5.36996613536127e-123,1.07399322707225e-119
"TGFBR3L",0.124379945536574,27.3715591164252,1.10968745056079e-163,2.21937490112158e-160
"CCDC92",0.100811586827013,22.1254530771015,6.29605271200661e-108,1.25921054240132e-104
"KCNC1",0.110489999614251,24.2746958790813,2.2212300840086e-129,4.4424601680172e-126
"HMGCS1",0.123921141320619,27.2690151594201,1.75685991311421e-162,3.51371982622842e-159
"MTLN",0.118547975673581,26.0694016687387,8.99260345292972e-149,1.79852069058594e-145
"TSPYL4",0.144848083858731,31.9654451012617,7.35690345135349e-222,1.4713806902707e-218
"CKMT1A",0.117878431671279,25.9200842724963,4.1541385522214e-147,8.3082771044428e-144
"PIP5K1C",0.125637361083346,27.6526864395939,5.42407575700139e-167,1.08481515140028e-163
"CCDC184",0.10498986789038,23.0524895843969,6.07245783282692e-117,1.21449156656538e-113
"SMARCA2",0.105345454214781,23.1314398994587,9.97444555603232e-118,1.99488911120646e-114
"CDKN2D",0.128274743436713,28.2427821408832,4.76943109500133e-174,9.53886219000267e-171
"VPS35",0.130246089259288,28.6842540038002,2.02195124544083e-179,4.04390249088166e-176
"MAPK9",0.123385855469533,27.1493997993832,4.34982221283847e-161,8.69964442567693e-158
"GRIN2A",0.153347566189461,33.8850221857936,1.00967270450065e-248,2.01934540900129e-245
"SPOCK2",0.134189198867684,29.5683354022448,2.01976999550306e-190,4.03953999100611e-187
"KLC2",0.121196735067774,26.660466629142,1.87844238495806e-155,3.75688476991611e-152
"MAPK10",0.154536040754108,34.1540377038285,1.31964331903243e-252,2.63928663806486e-249
"SLC4A10",0.12338361436875,27.1488990520609,4.40852861303001e-161,8.81705722606003e-158
"PRRT1",0.122405286386481,26.9303434666484,1.49799780181193e-158,2.99599560362386e-155
"PLK2",0.112049998392769,24.6217552884073,5.02537349743465e-133,1.00507469948693e-129
"ADGRB2",0.124717426410687,27.4469983641699,1.44527746169121e-164,2.89055492338243e-161
"GRINA",0.144560170648526,31.9005501772078,5.60655741668797e-221,1.12131148333759e-217
"PIK3R1",0.130421871745206,28.7236362284779,6.64643067115683e-180,1.32928613423137e-176
"HOMER1",0.111808259824875,24.5679627029836,1.85988250320975e-132,3.71976500641949e-129
"SPRYD3",0.130863804905491,28.8226589052995,4.02580698328299e-181,8.05161396656599e-178
"SYT7",0.128699852808853,28.3379540245664,3.36528949175705e-175,6.73057898351411e-172
"SYBU",0.124846968903256,27.4759583906091,6.59920355597957e-165,1.31984071119591e-161
"TSPAN13",0.118575638347765,26.0755715947214,7.67191093726856e-149,1.53438218745371e-145
"MAGED1",0.128666586770989,28.3305059772484,4.14255163102113e-175,8.28510326204226e-172
"NEUROD2",0.129726566101645,28.5678763502398,5.36882713544759e-178,1.07376542708952e-174
"PCSK2",0.118763482637839,26.1174703077185,2.60641255320739e-149,5.21282510641479e-146
"HCN1",0.122925358890557,27.0465161639703,6.80004721530835e-160,1.36000944306167e-156
"TMX4",0.125895359459435,27.7103852519815,1.12397651957471e-167,2.24795303914942e-164
"UBE2M",0.111201798681476,24.4330300802453,4.89473992289989e-131,9.78947984579977e-128
"RNF187",0.121696359669736,26.7720211684664,9.92592658218891e-157,1.98518531643778e-153
"AP2S1",0.118248498755285,26.0026098077526,5.0075910902772e-148,1.00151821805544e-144
"PFKM",0.13486264837957,29.7194707004382,2.469460177848e-192,4.938920355696e-189
"PRKCE",0.139580680916928,30.7794791242641,5.18174501851317e-206,1.03634900370263e-202
"ANK2",0.129927516503864,28.6128881241915,1.51263400278604e-178,3.02526800557207e-175
"CDK5",0.122964321676941,27.0552204986026,5.3909023540298e-160,1.07818047080596e-156
"RBFOX3",0.130598096061065,28.7631202065105,2.17528726732809e-180,4.35057453465618e-177
"DOC2A",0.112142840087969,24.6424159515299,3.03786175367411e-133,6.07572350734821e-130
"SCAMP5",0.148889510702606,32.8772563630831,1.96371551255589e-234,3.92743102511178e-231
"YPEL3",0.113197794461218,24.8772278191045,9.67440166623854e-136,1.93488033324771e-132
"NCEH1",0.113440397508816,24.931238456705,2.55877491306426e-136,5.11754982612852e-133
"CHST1",0.10051668681865,22.0600688090288,2.63830484057756e-107,5.27660968115511e-104
"RAB6A",0.126721713162033,27.8952296890409,7.10571508154589e-170,1.42114301630918e-166
"RNF208",0.118437639300866,26.0447926844817,1.69381107276206e-148,3.38762214552411e-145
"L1CAM",0.122553867425007,26.9635308826152,6.20044563446008e-159,1.24008912689202e-155
"ATP5PO",0.114513608891642,25.1702214946011,6.88243097081257e-139,1.37648619416251e-135
"RHEB",0.115360065539281,25.3587736651154,6.20934989071169e-141,1.24186997814234e-137
"APBA2",0.108280308366192,23.7834068918413,2.63586117739269e-124,5.27172235478539e-121
"GPX4",0.111468543587263,24.4923752164033,1.16419052819407e-131,2.32838105638813e-128
"NLRP1",0.131869709493939,29.0481142989469,6.56521042376997e-184,1.31304208475399e-180
"NRSN2",0.13275105503708,29.2457270630517,2.27354056824467e-186,4.54708113648935e-183
"NDUFA12",0.115659975498499,25.425593419155,1.16114525497272e-141,2.32229050994545e-138
"GALNT17",0.128407941333367,28.2726002784082,2.08023079557304e-174,4.16046159114608e-171
"REEP5",0.129983520752736,28.6254334036406,1.06231532552102e-178,2.12463065104205e-175
"KIAA0513",0.125941589669569,27.7207247893485,8.47456559946629e-168,1.69491311989326e-164
"SGTB",0.106424834219883,23.3711481615001,3.99084622766507e-120,7.98169245533013e-117
"DCAF6",0.115999506274465,25.5012491740581,1.73058885276564e-142,3.46117770553127e-139
"ENSA",0.117871552214481,25.9185502467303,4.3205024716809e-147,8.64100494336179e-144
"DCTN1",0.114858085361096,25.2469485084814,1.01738778316744e-139,2.03477556633487e-136
"GNB1",0.126147003445731,27.7666684709721,2.41342514279381e-168,4.82685028558761e-165
"CDK5R2",0.139904882176533,30.8523955731062,5.71047712040557e-207,1.14209542408111e-203
"CRMP1",0.140770096992546,31.0470415703884,1.54608813330012e-209,3.09217626660024e-206
"AMPH",0.12536812800054,27.592481173026,2.7933253578521e-166,5.58665071570421e-163
"ATP6V1C1",0.127635293911358,28.0996543853525,2.52972137319122e-172,5.05944274638244e-169
"CYRIA",0.135399133110746,29.839898419421,7.27465661672518e-194,1.45493132334504e-190
"SERP2",0.10668456055517,23.42884051777,1.04801900202827e-120,2.09603800405653e-117
"KIF3A",0.129603089283607,28.5402200050952,1.16812242465883e-177,2.33624484931765e-174
"NEGR1",0.127950928539702,28.1702983059576,3.57199682561818e-173,7.14399365123637e-170
"LYNX1",0.105907146340885,23.2561698793083,5.67816148257881e-119,1.13563229651576e-115
"ETS2",0.104722652279806,22.9931659759683,2.35019333113046e-116,4.70038666226093e-113
"ADGRB1",0.1113099459451,24.4570899285754,2.73553735957517e-131,5.47107471915034e-128
"DSTN",0.126754668765534,27.9026026445754,5.80225484586316e-170,1.16045096917263e-166
"ATP5MC1",0.104293108752694,22.89781505812,2.05440192294973e-115,4.10880384589947e-112
"HLF",0.129618378458324,28.5436444020883,1.06096941059653e-177,2.12193882119305e-174
"NRXN3",0.126448838340923,27.8341846792576,3.79699168921115e-169,7.59398337842231e-166
"SPTBN2",0.11591593673099,25.4826269977503,2.76630483961473e-142,5.53260967922945e-139
"ATP6V1H",0.148907737256896,32.8813723467209,1.72010586823514e-234,3.44021173647028e-231
"RAP1GAP",0.103519004651918,22.7260105779838,9.99111200984054e-114,1.99822240196811e-110
"MTPN",0.11828511679692,26.0107762848215,4.06020646669366e-148,8.12041293338733e-145
"PPP2CA",0.116177301713747,25.5408699563673,6.37244123930349e-143,1.2744882478607e-139
"MYCBP2",0.13284847859048,29.2675754173649,1.21248229271855e-186,2.4249645854371e-183
"CLEC2L",0.111770161931876,24.5594854181083,2.2852705225141e-132,4.5705410450282e-129
"CELF2",0.114337937738167,25.1310969000691,1.82037521973252e-138,3.64075043946505e-135
"CELF5",0.114430937424878,25.1518090240939,1.08796878716678e-138,2.17593757433357e-135
"BEX4",0.127056351345541,27.9701006101707,9.05377804043548e-171,1.8107556080871e-167
"JPH3",0.115187740312199,25.3203828915337,1.62391619317742e-140,3.24783238635484e-137
"SCN8A",0.121887594139237,26.8147248336757,3.21035356289806e-157,6.42070712579612e-154
"CNIH2",0.120063803270339,26.4075853853526,1.41109616096503e-152,2.82219232193007e-149
"CHRM1",0.129418976221209,28.49898485781,3.71768222647794e-177,7.43536445295588e-174
"SIRPA",0.119436272938482,26.2675597140311,5.37660689315203e-151,1.07532137863041e-147
"PAM",0.110914293221316,24.3690721438713,2.29228279624605e-130,4.5845655924921e-127
"SYT16",0.102121028442253,22.4158496130492,1.03200790878053e-110,2.06401581756105e-107
"NDEL1",0.103275376263411,22.6719484033297,3.371961297864e-113,6.743922595728e-110
"NMNAT2",0.120722349440895,26.5545663996553,3.02915431591283e-154,6.05830863182566e-151
"UNC13A",0.135705443942243,29.9086697030005,9.65991084897278e-195,1.93198216979456e-191
"COPRS",0.101354949205668,22.2459410534818,4.44312628785655e-109,8.8862525757131e-106
"PNMA1",0.139162012791624,30.6853309645136,8.87067672476326e-205,1.77413534495265e-201
"CLIP3",0.12131911594003,26.687789522926,9.15155080157818e-156,1.83031016031564e-152
"CISD1",0.13048218152961,28.7371486386301,4.53583192468795e-180,9.0716638493759e-177
"NDUFC2",0.109886033280654,24.1403779018594,5.54539440497269e-128,1.10907888099454e-124
"SLC2A13",0.119485717205674,26.2785914324152,4.03878488022932e-151,8.07756976045865e-148
"UQCRC1",0.101642975373308,22.3098176115746,1.08345812308751e-109,2.16691624617502e-106
"ADD2",0.124107204308974,27.3105985849531,5.7388909908025e-163,1.1477781981605e-159
"UQCRFS1",0.131428129271093,28.9491308455008,1.10583014415606e-182,2.21166028831213e-179
"SVOP",0.117070878386969,25.7400366078985,4.10517962145856e-145,8.21035924291712e-142
"SSX2IP",0.115857682261425,25.4696462174258,3.83539517719882e-142,7.67079035439764e-139
"MLF2",0.116907794195042,25.7036825433823,1.03391249019251e-144,2.06782498038502e-141
"LY6E",0.111166887883908,24.4252635573778,5.90534678869642e-131,1.18106935773928e-127
"KALRN",0.140821549105813,31.0586189515881,1.08651961808649e-209,2.17303923617299e-206
"KCNK1",0.106428919123684,23.3720554934012,3.90789726534194e-120,7.81579453068387e-117
"UNC5A",0.100273641579675,22.0061860272383,8.56588644661137e-107,1.71317728932227e-103
"NECAP1",0.120782091710622,26.5679020424874,2.13559179228584e-154,4.27118358457168e-151
"ST8SIA3",0.121009468324547,26.6186596295738,5.63710863949215e-155,1.12742172789843e-151
"GDA",0.101008867955995,22.1691968935147,2.40856849461156e-108,4.81713698922312e-105
"CX3CL1",0.108663101561928,23.8684889863533,3.5429824525747e-125,7.08596490514941e-122
"OCIAD1",0.113042645837046,24.8426894949549,2.2612089574383e-135,4.52241791487659e-132
"MAL2",0.116367308682374,25.5832147652779,2.18707979364731e-143,4.37415958729463e-140
"MAP7D2",0.119270840049168,26.2306507273511,1.3991726080196e-150,2.7983452160392e-147
"NDUFB4",0.104786633480882,23.0073697609293,1.70026348348403e-116,3.40052696696806e-113
"WDR47",0.101077330992271,22.1843780529135,1.72482522925161e-108,3.44965045850322e-105
"ZYG11B",0.103387882603466,22.6969135250751,1.92348234779913e-113,3.84696469559825e-110
"GPRASP1",0.119808824562405,26.3506861608952,6.20805834593223e-152,1.24161166918645e-148
"VDAC3",0.108739216749672,23.8854081202488,2.37516568304149e-125,4.75033136608299e-122
"TMEM14A",0.104035318868022,22.8405965759748,7.51419159700186e-115,1.50283831940037e-111
"B4GALNT1",0.109612467237236,24.0795476030056,2.36746002804442e-127,4.73492005608883e-124
"NA3",0.110700356580507,24.3214842124578,7.2123070650501e-130,1.44246141301002e-126
"ZFAND5",0.10758755022407,23.6294571694956,9.77767430046945e-123,1.95553486009389e-119
"ATP6V0B",0.11207719296648,24.6278070051985,4.33667171747441e-133,8.67334343494883e-130
"CNTNAP1",0.116916650312112,25.7056566588069,9.83364158237441e-145,1.96672831647488e-141
"OLA1",0.106497019558748,23.3871820228362,2.75307388381607e-120,5.50614776763213e-117
"NDUFA1",0.117266954131932,25.7837478105751,1.34980122918524e-145,2.69960245837048e-142
"RAN",0.121688108314698,26.7701786655261,1.04208974379608e-156,2.08417948759216e-153
"AAK1",0.116818941077285,25.6838766552597,1.70923577097483e-144,3.41847154194966e-141
"CAMK1D",0.105761667326679,23.2238624918306,1.1946176498508e-118,2.3892352997016e-115
"GPRASP2",0.101795139922136,22.3435659566581,5.13233303593473e-110,1.02646660718695e-106
"NEDD8",0.119092360245313,26.1908333875664,3.92039369099701e-150,7.84078738199402e-147
"ATP5PD",0.114223306604778,25.1055681195369,3.43119388727194e-138,6.86238777454388e-135
"RGS7",0.105119825077246,23.0813427514765,3.14031422644298e-117,6.28062845288596e-114
"MBOAT7",0.109065959613044,23.9580424305105,4.25345385507154e-126,8.50690771014309e-123
"GRIA3",0.102055770505918,22.4013745026418,1.42351558840039e-110,2.84703117680078e-107
"ADGRL1",0.109676240719278,24.0937278146306,1.68841553079507e-127,3.37683106159014e-124
"CHD5",0.120987725333839,26.6138057288073,6.40354379042383e-155,1.28070875808477e-151
"ASNS",0.115269549280952,25.3386080802203,1.02904118224396e-140,2.05808236448791e-137
"NDRG3",0.131562992572541,28.9793595831618,4.67273687914099e-183,9.34547375828197e-180
"CDIP1",0.111490479060661,24.4972556366285,1.03434728597025e-131,2.0686945719405e-128
"CNRIP1",0.105947242479181,23.2650745319357,4.62486279909019e-119,9.24972559818038e-116
"CACNA1A",0.10057093046317,22.0720950916222,2.02771400295171e-107,4.05542800590341e-104
"SATB2",0.101391356156669,22.2540148363505,3.71807164477925e-109,7.4361432895585e-106
"CCDC136",0.115402802151284,25.3682949260516,4.8910602624144e-141,9.78212052482881e-138
"BAALC",0.119363882605442,26.2514087600107,8.17214456130435e-151,1.63442891226087e-147
"VDAC2",0.11260428248852,24.7451134223266,2.47362115900576e-134,4.94724231801153e-131
"OTUB1",0.107726092485128,23.6602422390832,4.7557170973013e-123,9.51143419460259e-120
"ATP6V1F",0.116282317861803,25.5642734237871,3.52944973902709e-143,7.05889947805419e-140
"TPRG1L",0.114297487319572,25.1220883250511,2.27684799385854e-138,4.55369598771708e-135
"DYNLRB1",0.115964006489421,25.4933385306429,2.11224980895687e-142,4.22449961791374e-139
"USP22",0.110896465267192,24.3651063740975,2.52225677190051e-130,5.04451354380102e-127
"EGFL7",0.112163858696988,24.6470934492942,2.71052218540365e-133,5.4210443708073e-130
"FHL1",0.10225863807145,22.4463742856943,5.2341162227195e-111,1.0468232445439e-107
"MYT1L",0.131561422791078,28.9790077173741,4.71985061490789e-183,9.43970122981578e-180
"RPH3A",0.141907355859229,31.3029993505269,6.15925476167671e-213,1.23185095233534e-209
"RTN4RL2",0.101695692150805,22.3215094066538,8.36464026797166e-110,1.67292805359433e-106
"PIANP",0.110279643784181,24.2279111010071,6.8259214493149e-129,1.36518428986298e-125
"SMAP2",0.102759273724204,22.5574366677304,4.39322872991187e-112,8.78645745982375e-109
"ARF1",0.111590426502805,24.5194933873046,6.03292593243575e-132,1.20658518648715e-128
"THRB",0.100082085351779,21.9637210902004,2.16263482393592e-106,4.32526964787183e-103
"SYNE1",0.107245659065129,23.5534924926806,5.76686498495086e-122,1.15337299699017e-118
"UBE2V2",0.112689914313805,24.7641732096638,1.55130154852587e-134,3.10260309705173e-131
"FBXO44",0.103261292295941,22.6688232373112,3.61728439598593e-113,7.23456879197186e-110
"TIMM17A",0.103012344134621,22.6135850863648,1.24969253898583e-112,2.49938507797166e-109
"GALNT8",0.101205390017862,22.2127750262597,9.23061687859575e-109,1.84612337571915e-105
"ABI2",0.101795617075617,22.3436717862979,5.12031292719497e-110,1.024062585439e-106
"LONRF2",0.126278642848263,27.7961133836152,1.0779023367838e-168,2.15580467356761e-165
"ATCAY",0.132895992800387,29.2782313396196,8.92160115193751e-187,1.7843202303875e-183
"CACNB1",0.104325757549351,22.905062046661,1.74283360062275e-115,3.48566720124549e-112
"NBL1",0.104161503322489,22.8686036208259,3.98458210822088e-115,7.96916421644177e-112
"SPTBN1",0.104650082029389,22.9770557770389,3.39201704169529e-116,6.78403408339058e-113
"KCNB1",0.113510542222795,24.9468555930421,1.74098511549841e-136,3.48197023099682e-133
"TSPYL2",0.10550782856517,23.1674946226925,4.36283146333257e-118,8.72566292666515e-115
"HMGCR",0.11044067211551,24.2637247622726,2.8907541806879e-129,5.78150836137579e-126
"YARS1",0.107072246929683,23.5149653438567,1.41545481534821e-121,2.83090963069642e-118
"TMEM151B",0.120978548495431,26.6117571049584,6.75747142649479e-155,1.35149428529896e-151
"ATRNL1",0.128793069561102,28.3588251612373,1.87936859402295e-175,3.75873718804591e-172
"TCEAL2",0.140419507307577,30.9681612502643,1.70433160654663e-208,3.40866321309325e-205
"MAPRE3",0.137605134943904,30.3353742183262,3.17046441754301e-200,6.34092883508603e-197
"AKAP12",0.109343747195665,24.0198002561414,9.81533474936928e-127,1.96306694987386e-123
"FNDC4",0.10854918736813,23.8431685588169,6.44257950722966e-125,1.28851590144593e-121
"SNRNP25",0.101488831985794,22.2756319960511,2.30688589829088e-109,4.61377179658176e-106
"DDX1",0.106921197010508,23.4814082003105,3.09059050443253e-121,6.18118100886506e-118
"LMTK2",0.112953881600745,24.8229301221504,3.67332783976334e-135,7.34665567952669e-132
"SARS1",0.112685384047509,24.7631648566302,1.59008550263848e-134,3.18017100527697e-131
"OPCML",0.107809097776981,23.6786872695412,3.08658854893551e-123,6.17317709787103e-120
"RAB1A",0.119081830350937,26.1884843373867,4.16588439602126e-150,8.33176879204252e-147
"KCNJ3",0.101896144312485,22.3659684425037,3.12353322496355e-110,6.24706644992709e-107
"CAPZA2",0.106482025819493,23.3838515715164,2.97385610633954e-120,5.94771221267909e-117
"ATP6V1D",0.116079616494971,25.5191010092533,1.10351676665426e-142,2.20703353330852e-139
"MAP2K4",0.109378532729962,24.0275341884044,8.16660808434466e-127,1.63332161686893e-123
"SCN2B",0.102617876069631,22.5260668736814,8.85612599706431e-112,1.77122519941286e-108
"ADAM23",0.116178262520682,25.5410840739173,6.33810250175036e-143,1.26762050035007e-139
"BTBD10",0.10076372938583,22.1148418813241,7.94650856797017e-108,1.58930171359403e-104
"SNU13",0.116220422207542,25.5504795073877,5.00003429228457e-143,1.00000685845691e-139
"RETREG2",0.113018190172768,24.8372454789467,2.58471894194513e-135,5.16943788389025e-132
"FBXO9",0.113289238952504,24.8975855466306,5.86219911260284e-136,1.17243982252057e-132
"REEP1",0.11263714461742,24.752427753532,2.06817702167366e-134,4.13635404334733e-131
"NBEA",0.108894768053043,23.9199858973227,1.0480458573771e-125,2.0960917147542e-122
"NA4",0.112644111411509,24.7539784073819,1.9911438351957e-134,3.9822876703914e-131
"DDX24",0.110369769733132,24.2479554113928,4.22067004890321e-129,8.44134009780642e-126
"AASDHPPT",0.103021738666784,22.6156695249559,1.19263861309242e-112,2.38527722618485e-109
"PTPN5",0.110074653812231,24.1823229025704,2.0341317937327e-128,4.06826358746539e-125
"CTSB",0.103064153468436,22.6250805060861,9.65739226352799e-113,1.9314784527056e-109
"PAK3",0.10041942890818,22.0385063911684,4.2280362967324e-107,8.4560725934648e-104
"RFK",0.105428327591717,23.1498414430127,6.54138427583098e-118,1.3082768551662e-114
"ACSL6",0.116866670943146,25.6945158483254,1.304810878503e-144,2.609621757006e-141
"ATP5F1C",0.111760836225697,24.5574103418994,2.40341740806642e-132,4.80683481613284e-129
"UQCRC2",0.109048557105568,23.9541736886354,4.66210959801758e-126,9.32421919603515e-123
"PPP1R7",0.102136229852937,22.4192215376069,9.57486425015237e-111,1.91497285003047e-107
"DOCK3",0.100378209404869,22.0293680761585,5.16275295331928e-107,1.03255059066386e-103
"ABR",0.128134714894341,28.2114365470891,1.13994953426686e-173,2.27989906853373e-170
"GFOD1",0.101641028474037,22.3093858219873,1.09385756912322e-109,2.18771513824643e-106
"CSRNP3",0.105705076005044,23.2112953289551,1.59500448879116e-118,3.19000897758232e-115
"GPR162",0.1126846624886,24.7630042511793,1.59635157208555e-134,3.1927031441711e-131
"UBE2N",0.105188858122325,23.0966699928187,2.21154461800372e-117,4.42308923600744e-114
"GNB5",0.118653539666402,26.0929471572378,4.90403776110432e-149,9.80807552220863e-146
"DUSP3",0.100735624660589,22.108610430685,9.1102484689927e-108,1.82204969379854e-104
"LYSMD2",0.107794193204626,23.6753752113922,3.33580019708832e-123,6.67160039417665e-120
"PITPNA",0.107923734430303,23.704162090475,1.69807441320947e-123,3.39614882641893e-120
"MADD",0.112497008663481,24.7212373830669,4.43568809431779e-134,8.87137618863557e-131
"RAB15",0.102991063169941,22.6088633343114,1.38921000304735e-112,2.7784200060947e-109
"PPP2R2C",0.119468355498281,26.2747177662743,4.46568566498772e-151,8.93137132997544e-148
"CTBP1",0.109753710347767,24.110953807781,1.11951759746717e-127,2.23903519493434e-124
"ARPC5L",0.107570838170557,23.6257437272568,1.0665142736036e-122,2.13302854720719e-119
"PTPRN2",0.129998241865404,28.6287310652667,9.68052046895122e-179,1.93610409379024e-175
"ABHD8",0.107493971629497,23.6086641325486,1.59013017445762e-122,3.18026034891524e-119
"NDUFA8",0.113324701397115,24.9054805061152,4.82659017838872e-136,9.65318035677745e-133
"CLTB",0.107556573493557,23.6225741116145,1.14859669663433e-122,2.29719339326865e-119
"MDH2",0.112075335424431,24.6273936371857,4.38055782932306e-133,8.76111565864611e-130
"KHDRBS3",0.107589837086532,23.6299653151878,9.66211074312476e-123,1.93242214862495e-119
"JPT1",0.106238020421677,23.3296546758686,1.04196000128212e-119,2.08392000256424e-116
"LOC730098",0.101333042608178,22.2410829831882,4.94572828877879e-109,9.89145657755759e-106
"SLC25A6",0.100562045556602,22.0701252177945,2.11707332294471e-107,4.23414664588942e-104
"MAST1",0.108262208794113,23.7793842290966,2.89770666093844e-124,5.79541332187688e-121
